timestamp_utc	rom_path	labels_tsv	apply_py	rows_total	rows_code	rows_data	anchors	unresolved	dp0_marks	labels_emitted	promoted_aliases	address_map_existing	address_map_inserted	address_map_updated	ida_map	ida_map_existing	ida_map_inserted	ida_map_updated
2026-05-29T20:58:25.434997+00:00	/Users/j.harris/Downloads/carma/cruisin/crusnusa45_maindata_interleaved_bswap32.bin.lst	tools/ida/romlst_labels.tsv	tools/ida/apply_romlst_labels.py	1363	472	366	482	30	96	1363								
2026-05-29T21:21:21.956305+00:00	/Users/j.harris/Downloads/carma/cruisin/crusnusa45_maindata_interleaved_bswap32.bin.lst	tools/ida/romlst_labels.tsv	tools/ida/apply_romlst_labels.py	1512	472	515	482	30	96	1512								
2026-05-29T23:01:38.907554+00:00	/Users/j.harris/Downloads/carma/cruisin/crusnusa45_maindata_interleaved_bswap32.bin.lst	tools/ida/romlst_labels.tsv	tools/ida/apply_romlst_labels.py	1512	472	515	482	30	96	1512								
2026-05-29T23:02:28.486860+00:00	/Users/j.harris/Downloads/carma/cruisin/crusnusa45_maindata_interleaved_bswap32.bin.lst	tools/ida/romlst_labels.tsv	tools/ida/apply_romlst_labels.py	1512	472	515	482	30	96	1512								
2026-05-30T02:57:32.946114+00:00	/Users/j.harris/Downloads/carma/cruisin/crusnusa45_maindata_interleaved_bswap32.bin.lst	tools/ida/romlst_labels.tsv	tools/ida/apply_romlst_labels.py	1418	477	415	487	30	96	1418								
2026-05-30T21:28:11.169210+00:00	/Users/j.harris/Downloads/carma/cruisin/crusnusa45_maindata_interleaved_bswap32.bin.lst	/Users/j.harris/code/cruisin-usa/tools/ida/romlst_labels.tsv	/Users/j.harris/code/cruisin-usa/tools/ida/apply_romlst_labels.py	1531	500	434	514	33	97	1531								
2026-05-30T21:53:41.375558+00:00	/Users/j.harris/Downloads/carma/cruisin/crusnusa45_maindata_interleaved_bswap32.bin.lst	/Users/j.harris/code/cruisin-usa/tools/ida/romlst_labels.tsv	/Users/j.harris/code/cruisin-usa/tools/ida/apply_romlst_labels.py	1531	500	434	514	33	97	1531								
2026-05-31T00:08:43.480047+00:00	/Users/j.harris/Downloads/carma/cruisin/crusnusa45_maindata_interleaved_bswap32.bin.lst	/Users/j.harris/code/cruisin-usa/tools/ida/romlst_labels.tsv	/Users/j.harris/code/cruisin-usa/tools/ida/apply_romlst_labels.py	1531	500	434	514	33	97	1531								
2026-05-31T00:10:04.426913+00:00	/Users/j.harris/Downloads/carma/cruisin/crusnusa45_maindata_interleaved_bswap32.bin.lst	/Users/j.harris/code/cruisin-usa/tools/ida/romlst_labels.tsv	/Users/j.harris/code/cruisin-usa/tools/ida/apply_romlst_labels.py	1531	500	434	514	33	97	1531								
2026-05-31T00:11:23.039991+00:00	/Users/j.harris/Downloads/carma/cruisin/crusnusa45_maindata_interleaved_bswap32.bin.lst	/Users/j.harris/code/cruisin-usa/tools/ida/romlst_labels.tsv	/Users/j.harris/code/cruisin-usa/tools/ida/apply_romlst_labels.py	1531	500	434	514	33	97	1531								
2026-05-31T07:40:39.836380+00:00	/Users/j.harris/downloads/carma/cruisin/crusnusa45_maindata_interleaved_bswap32.bin.lst	/Users/j.harris/code/cruisin-usa/tools/ida/romlst_labels.tsv	/Users/j.harris/code/cruisin-usa/tools/ida/apply_romlst_labels.py	1815	563	493	579	27	104	1815								
2026-05-31T07:56:39.546259+00:00	/Users/j.harris/downloads/carma/cruisin/crusnusa45_maindata_interleaved_bswap32.bin.lst	/Users/j.harris/code/cruisin-usa/tools/ida/romlst_labels.tsv	/Users/j.harris/code/cruisin-usa/tools/ida/apply_romlst_labels.py	2092	622	555	643	28	117	2092								
2026-05-31T08:00:41.520814+00:00	/Users/j.harris/downloads/carma/cruisin/crusnusa45_maindata_interleaved_bswap32.bin.lst	/Users/j.harris/code/cruisin-usa/tools/ida/romlst_labels.tsv	/Users/j.harris/code/cruisin-usa/tools/ida/apply_romlst_labels.py	2134	628	578	649	28	119	2134								
2026-05-31T08:03:21.052883+00:00	/Users/j.harris/downloads/carma/cruisin/crusnusa45_maindata_interleaved_bswap32.bin.lst	/Users/j.harris/code/cruisin-usa/tools/ida/romlst_labels.tsv	/Users/j.harris/code/cruisin-usa/tools/ida/apply_romlst_labels.py	2135	628	578	649	28	119	2135								
2026-05-31T08:04:14.852074+00:00	/Users/j.harris/downloads/carma/cruisin/crusnusa45_maindata_interleaved_bswap32.bin.lst	/Users/j.harris/code/cruisin-usa/tools/ida/romlst_labels.tsv	/Users/j.harris/code/cruisin-usa/tools/ida/apply_romlst_labels.py	2135	628	578	649	28	119	2135								
2026-05-31T08:23:45.771483+00:00	/Users/j.harris/downloads/carma/cruisin/crusnusa45_maindata_interleaved_bswap32.bin.lst	/Users/j.harris/code/cruisin-usa/tools/ida/romlst_labels.tsv	/Users/j.harris/code/cruisin-usa/tools/ida/apply_romlst_labels.py	2137	628	580	649	28	119	2137								
2026-05-31T08:25:58.711411+00:00	/Users/j.harris/downloads/carma/cruisin/crusnusa45_maindata_interleaved_bswap32.bin.lst	/Users/j.harris/code/cruisin-usa/tools/ida/romlst_labels.tsv	/Users/j.harris/code/cruisin-usa/tools/ida/apply_romlst_labels.py	2169	632	591	653	28	119	2169								
2026-05-31T10:39:37.588790+00:00	/Users/j.harris/Downloads/carma/cruisin/crusnusa45_maindata_interleaved_bswap32.bin.lst	/Users/j.harris/code/cruisin-usa/tools/ida/romlst_labels.tsv	/Users/j.harris/code/cruisin-usa/tools/ida/apply_romlst_labels.py	2169	632	591	653	28	119	2169								
2026-05-31T10:42:52.906534+00:00	/Users/j.harris/Downloads/carma/cruisin/crusnusa45_maindata_interleaved_bswap32.bin.lst	/Users/j.harris/code/cruisin-usa/tools/ida/romlst_labels.tsv	/Users/j.harris/code/cruisin-usa/tools/ida/apply_romlst_labels.py	2177	633	593	654	28	119	2177								
2026-05-31T11:01:16.461628+00:00	/Users/j.harris/Downloads/carma/cruisin/crusnusa45_maindata_interleaved_bswap32.bin.lst	/Users/j.harris/code/cruisin-usa/tools/ida/romlst_labels.tsv	/Users/j.harris/code/cruisin-usa/tools/ida/apply_romlst_labels.py	2208	636	597	656	28	121	2208								
2026-05-31T23:11:33.474915+00:00	/Users/j.harris/code/cruisin-usa/roms/test.rom.lst	tools/ida/romlst_labels.tsv	tools/ida/apply_romlst_labels.py	1552	315	663	327	29	93	1552								
2026-06-01T06:31:32.075115+00:00	/Users/j.harris/code/cruisin-usa/roms/test.rom.lst	tools/ida/romlst_labels.tsv	tools/ida/apply_romlst_labels.py	1552	315	663	327	29	102	1552								
2026-06-01T09:00:28.537717+00:00	/Users/j.harris/code/cruisin-usa/roms/test.rom.lst	tools/ida/romlst_labels.tsv	tools/ida/apply_romlst_labels.py	1552	315	663	327	29	195	1552								
2026-06-01T09:22:30.707917+00:00	/Users/j.harris/Downloads/carma/cruisin/crusnusa45_maindata_interleaved_bswap32.bin.lst	/Users/j.harris/code/cruisin-usa/tools/ida/romlst_labels.tsv	/Users/j.harris/code/cruisin-usa/tools/ida/apply_romlst_labels.py	2242	636	631	656	28	253	2242								
2026-06-01T09:26:09.846646+00:00	/Users/j.harris/Downloads/carma/cruisin/crusnusa45_maindata_interleaved_bswap32.bin.lst	/Users/j.harris/code/cruisin-usa/tools/ida/romlst_labels.tsv	/Users/j.harris/code/cruisin-usa/tools/ida/apply_romlst_labels.py	2347	698	708	715	27	247	2347								
2026-06-01T09:27:36.808515+00:00	/Users/j.harris/Downloads/carma/cruisin/crusnusa45_maindata_interleaved_bswap32.bin.lst	/Users/j.harris/code/cruisin-usa/tools/ida/romlst_labels.tsv	/Users/j.harris/code/cruisin-usa/tools/ida/apply_romlst_labels.py	2347	698	708	715	27	236	2347								
2026-06-01T09:31:45.171247+00:00	/Users/j.harris/Downloads/carma/cruisin/crusnusa45_maindata_interleaved_bswap32.bin.lst	/Users/j.harris/code/cruisin-usa/tools/ida/romlst_labels.tsv	/Users/j.harris/code/cruisin-usa/tools/ida/apply_romlst_labels.py	2347	698	708	715	27	236	2347								
2026-06-01T09:35:36.689742+00:00	/Users/j.harris/Downloads/carma/cruisin/crusnusa45_maindata_interleaved_bswap32.bin.lst	/Users/j.harris/code/cruisin-usa/tools/ida/romlst_labels.tsv	/Users/j.harris/code/cruisin-usa/tools/ida/apply_romlst_labels.py	2352	698	708	716	27	236	2352								
2026-06-01T09:37:31.380148+00:00	/Users/j.harris/Downloads/carma/cruisin/crusnusa45_maindata_interleaved_bswap32.bin.lst	/Users/j.harris/code/cruisin-usa/tools/ida/romlst_labels.tsv	/Users/j.harris/code/cruisin-usa/tools/ida/apply_romlst_labels.py	2352	698	708	716	27	236	2352								
2026-06-01T09:42:28.804633+00:00	/Users/j.harris/Downloads/carma/cruisin/crusnusa45_maindata_interleaved_bswap32.bin.lst	/Users/j.harris/code/cruisin-usa/tools/ida/romlst_labels.tsv	/Users/j.harris/code/cruisin-usa/tools/ida/apply_romlst_labels.py	2364	713	705	731	27	236	2364								
2026-06-01T09:46:01.540341+00:00	/Users/j.harris/Downloads/carma/cruisin/crusnusa45_maindata_interleaved_bswap32.bin.lst	/Users/j.harris/code/cruisin-usa/tools/ida/romlst_labels.tsv	/Users/j.harris/code/cruisin-usa/tools/ida/apply_romlst_labels.py	2364	713	705	731	26	236	2364								
2026-06-01T09:48:31.683223+00:00	/Users/j.harris/Downloads/carma/cruisin/crusnusa45_maindata_interleaved_bswap32.bin.lst	/Users/j.harris/code/cruisin-usa/tools/ida/romlst_labels.tsv	/Users/j.harris/code/cruisin-usa/tools/ida/apply_romlst_labels.py	2364	713	705	731	26	236	2364								
2026-06-01T17:43:44.190881+00:00	/Users/j.harris/Downloads/carma/cruisin/crusnusa45_maindata_interleaved_bswap32.bin.lst	/Users/j.harris/code/cruisin-usa/tools/ida/romlst_labels.tsv	/Users/j.harris/code/cruisin-usa/tools/ida/apply_romlst_labels.py	2396	717	707	735	26	236	2396								
2026-06-01T17:49:24.213487+00:00	/Users/j.harris/Downloads/carma/cruisin/crusnusa45_maindata_interleaved_bswap32.bin.lst	/Users/j.harris/code/cruisin-usa/tools/ida/romlst_labels.tsv	/Users/j.harris/code/cruisin-usa/tools/ida/apply_romlst_labels.py	2396	717	707	735	26	236	2396								
2026-06-02T05:43:29.246623+00:00	/Users/j.harris/Downloads/carma/cruisin/crusnusa45_maindata_interleaved_bswap32.bin.lst	/Users/j.harris/code/cruisin-usa/tools/ida/romlst_labels.tsv	/Users/j.harris/code/cruisin-usa/tools/ida/apply_romlst_labels.py	2396	717	707	735	26	236	2396								
2026-06-02T08:52:58.138483+00:00	/Users/j.harris/Downloads/carma/cruisin/crusnusa45_maindata_interleaved_bswap32.bin.lst	/Users/j.harris/code/cruisin-usa/tools/ida/romlst_labels.tsv	/Users/j.harris/code/cruisin-usa/tools/ida/apply_romlst_labels.py	2398	717	707	735	26	236	2398								
2026-06-02T08:58:24.298352+00:00	/Users/j.harris/Downloads/carma/cruisin/crusnusa45_maindata_interleaved_bswap32.bin.lst	/Users/j.harris/code/cruisin-usa/tools/ida/romlst_labels.tsv	/Users/j.harris/code/cruisin-usa/tools/ida/apply_romlst_labels.py	2398	717	707	735	26	236	2398								
2026-06-02T09:00:49.119180+00:00	/Users/j.harris/Downloads/carma/cruisin/crusnusa45_maindata_interleaved_bswap32.bin.lst	/Users/j.harris/code/cruisin-usa/tools/ida/romlst_labels.tsv	/Users/j.harris/code/cruisin-usa/tools/ida/apply_romlst_labels.py	2404	718	707	735	25	236	2404								
2026-06-02T09:03:31.343506+00:00	/Users/j.harris/Downloads/carma/cruisin/crusnusa45_maindata_interleaved_bswap32.bin.lst	/Users/j.harris/code/cruisin-usa/tools/ida/romlst_labels.tsv	/Users/j.harris/code/cruisin-usa/tools/ida/apply_romlst_labels.py	2393	718	696	735	25	236	2393								
2026-06-02T09:04:56.444314+00:00	/Users/j.harris/Downloads/carma/cruisin/crusnusa45_maindata_interleaved_bswap32.bin.lst	/Users/j.harris/code/cruisin-usa/tools/ida/romlst_labels.tsv	/Users/j.harris/code/cruisin-usa/tools/ida/apply_romlst_labels.py	2394	719	696	736	25	236	2394								
2026-06-02T18:06:04.423488+00:00	/Users/j.harris/Downloads/carma/cruisin/crusnusa45_maindata_interleaved_bswap32.bin.lst	/Users/j.harris/code/cruisin-usa/tools/ida/romlst_labels.tsv	/Users/j.harris/code/cruisin-usa/tools/ida/apply_romlst_labels.py	2297	619	699	636	26	236	2297								
2026-06-02T18:06:54.400974+00:00	/Users/j.harris/Downloads/carma/cruisin/crusnusa45_maindata_interleaved_bswap32.bin.lst	/Users/j.harris/code/cruisin-usa/tools/ida/romlst_labels.tsv	/Users/j.harris/code/cruisin-usa/tools/ida/apply_romlst_labels.py	2297	619	699	636	26	236	2297								
2026-06-02T18:23:00.387759+00:00	/Users/j.harris/Downloads/carma/cruisin/crusnusa45_maindata_interleaved_bswap32.bin.lst	/Users/j.harris/code/cruisin-usa/tools/ida/romlst_labels.tsv	/Users/j.harris/code/cruisin-usa/tools/ida/apply_romlst_labels.py	2297	619	699	636	26	236	2297								
2026-06-02T18:42:04.260107+00:00	/Users/j.harris/Downloads/carma/cruisin/crusnusa45_maindata_interleaved_bswap32.bin.lst	/Users/j.harris/code/cruisin-usa/tools/ida/romlst_labels.tsv	/Users/j.harris/code/cruisin-usa/tools/ida/apply_romlst_labels.py	2297	619	699	636	26	0	2297								
2026-06-02T18:42:54.233678+00:00	/Users/j.harris/Downloads/carma/cruisin/crusnusa45_maindata_interleaved_bswap32.bin.lst	/Users/j.harris/code/cruisin-usa/tools/ida/romlst_labels.tsv	/Users/j.harris/code/cruisin-usa/tools/ida/apply_romlst_labels.py	2297	619	699	636	26	316	2297								
2026-06-02T18:44:09.241373+00:00	/Users/j.harris/Downloads/carma/cruisin/crusnusa45_maindata_interleaved_bswap32.bin.lst	/Users/j.harris/code/cruisin-usa/tools/ida/romlst_labels.tsv	/Users/j.harris/code/cruisin-usa/tools/ida/apply_romlst_labels.py	2297	619	699	636	26	266	2297								
2026-06-02T18:57:20.678383+00:00	/Users/j.harris/Downloads/carma/cruisin/crusnusa45_maindata_interleaved_bswap32.bin.lst	/Users/j.harris/code/cruisin-usa/tools/ida/romlst_labels.tsv	/Users/j.harris/code/cruisin-usa/tools/ida/apply_romlst_labels.py	2297	619	699	636	26	322	2297								
2026-06-02T19:59:06.941815+00:00	/Users/j.harris/Downloads/carma/cruisin/crusnusa45_maindata_interleaved_bswap32.bin.lst	/Users/j.harris/code/cruisin-usa/tools/ida/romlst_labels.tsv	/Users/j.harris/code/cruisin-usa/tools/ida/apply_romlst_labels.py	2393	638	766	658	23	322	2393								
2026-06-02T20:55:14.431346+00:00	/Users/j.harris/Downloads/carma/cruisin/crusnusa45_maindata_interleaved_bswap32.bin.lst	/Users/j.harris/code/cruisin-usa/tools/ida/romlst_labels.tsv	/Users/j.harris/code/cruisin-usa/tools/ida/apply_romlst_labels.py	2470	649	796	669	21	322	2470								
2026-06-02T21:49:11.454944+00:00	/Users/j.harris/Downloads/carma/cruisin/crusnusa45_maindata_interleaved_bswap32.bin.lst	/Users/j.harris/code/cruisin-usa/tools/ida/romlst_labels.tsv	/Users/j.harris/code/cruisin-usa/tools/ida/apply_romlst_labels.py	2461	637	800	656	22	322	2461								
2026-06-02T21:59:50.607173+00:00	/Users/j.harris/Downloads/carma/cruisin/crusnusa45_maindata_interleaved_bswap32.bin.lst	/Users/j.harris/code/cruisin-usa/tools/ida/romlst_labels.tsv	/Users/j.harris/code/cruisin-usa/tools/ida/apply_romlst_labels.py	2444	654	766	673	21	322	2444								
2026-06-02T22:02:48.125662+00:00	/Users/j.harris/Downloads/carma/cruisin/crusnusa45_maindata_interleaved_bswap32.bin.lst	/Users/j.harris/code/cruisin-usa/tools/ida/romlst_labels.tsv	/Users/j.harris/code/cruisin-usa/tools/ida/apply_romlst_labels.py	2548	515	872	544	26	336	2548								
2026-06-02T22:09:10.536483+00:00	/Users/j.harris/Downloads/carma/cruisin/crusnusa45_maindata_interleaved_bswap32.bin.lst	/Users/j.harris/code/cruisin-usa/tools/ida/romlst_labels.tsv	/Users/j.harris/code/cruisin-usa/tools/ida/apply_romlst_labels.py	2550	515	872	544	25	336	2550								
2026-06-02T22:22:15.094451+00:00	/Users/j.harris/Downloads/carma/cruisin/crusnusa45_maindata_interleaved_bswap32.bin.lst	/Users/j.harris/code/cruisin-usa/tools/ida/romlst_labels.tsv	/Users/j.harris/code/cruisin-usa/tools/ida/apply_romlst_labels.py	2707	548	895	577	25	362	2707								
2026-06-02T22:33:13.798921+00:00	/Users/j.harris/Downloads/carma/cruisin/crusnusa45_maindata_interleaved_bswap32.bin.lst	/Users/j.harris/code/cruisin-usa/tools/ida/romlst_labels.tsv	/Users/j.harris/code/cruisin-usa/tools/ida/apply_romlst_labels.py	2918	582	971	611	23	380	2918								
2026-06-02T22:34:51.336144+00:00	/Users/j.harris/Downloads/carma/cruisin/crusnusa45_maindata_interleaved_bswap32.bin.lst	/Users/j.harris/code/cruisin-usa/tools/ida/romlst_labels.tsv	/Users/j.harris/code/cruisin-usa/tools/ida/apply_romlst_labels.py	2915	582	970	610	23	376	2915								
2026-06-02T22:40:50.621282+00:00	/Users/j.harris/Downloads/carma/cruisin/crusnusa45_maindata_interleaved_bswap32.bin.lst	/Users/j.harris/code/cruisin-usa/tools/ida/romlst_labels.tsv	/Users/j.harris/code/cruisin-usa/tools/ida/apply_romlst_labels.py	2921	583	970	610	21	376	2921								
2026-06-02T22:46:38.374544+00:00	/Users/j.harris/Downloads/carma/cruisin/crusnusa45_maindata_interleaved_bswap32.bin.lst	/Users/j.harris/code/cruisin-usa/tools/ida/romlst_labels.tsv	/Users/j.harris/code/cruisin-usa/tools/ida/apply_romlst_labels.py	2929	583	971	610	20	376	2929								
2026-06-02T23:03:43.939349+00:00	/Users/j.harris/Downloads/carma/cruisin/crusnusa45_maindata_interleaved_bswap32.bin.lst	/Users/j.harris/code/cruisin-usa/tools/ida/romlst_labels.tsv	/Users/j.harris/code/cruisin-usa/tools/ida/apply_romlst_labels.py	1655	473	518	485	12	170	1655								
2026-06-02T23:05:27.861277+00:00	/Users/j.harris/Downloads/carma/cruisin/crusnusa45_maindata_interleaved_bswap32.bin.lst	/Users/j.harris/code/cruisin-usa/tools/ida/romlst_labels.tsv	/Users/j.harris/code/cruisin-usa/tools/ida/apply_romlst_labels.py	2929	582	971	610	20	376	2929								
2026-06-02T23:07:07.465109+00:00	/Users/j.harris/Downloads/carma/cruisin/crusnusa45_maindata_interleaved_bswap32.bin.lst	/Users/j.harris/code/cruisin-usa/tools/ida/romlst_labels.tsv	/Users/j.harris/code/cruisin-usa/tools/ida/apply_romlst_labels.py	2929	597	970	610	20	376	2929								
2026-06-02T23:09:50.557829+00:00	/Users/j.harris/Downloads/carma/cruisin/crusnusa45_maindata_interleaved_bswap32.bin.lst	/Users/j.harris/code/cruisin-usa/tools/ida/romlst_labels.tsv	/Users/j.harris/code/cruisin-usa/tools/ida/apply_romlst_labels.py	2929	597	970	610	20	376	2929								
2026-06-02T23:11:09.466508+00:00	/Users/j.harris/Downloads/carma/cruisin/crusnusa45_maindata_interleaved_bswap32.bin.lst	/Users/j.harris/code/cruisin-usa/tools/ida/romlst_labels.tsv	/Users/j.harris/code/cruisin-usa/tools/ida/apply_romlst_labels.py	2929	597	970	610	20	376	2929								
2026-06-02T23:17:04.446643+00:00	/Users/j.harris/Downloads/carma/cruisin/crusnusa45_maindata_interleaved_bswap32.bin.lst	/Users/j.harris/code/cruisin-usa/tools/ida/romlst_labels.tsv	/Users/j.harris/code/cruisin-usa/tools/ida/apply_romlst_labels.py	2933	599	970	612	20	376	2933								
2026-06-03T01:25:01.909312+00:00	/Users/j.harris/Downloads/carma/cruisin/crusnusa45_maindata_interleaved_bswap32.bin.lst	/Users/j.harris/code/cruisin-usa/tools/ida/romlst_labels.tsv	/Users/j.harris/code/cruisin-usa/tools/ida/apply_romlst_labels.py	3006	586	1057	599	20	376	3006								
2026-06-03T01:27:40.035784+00:00	/Users/j.harris/Downloads/carma/cruisin/crusnusa45_maindata_interleaved_bswap32.bin.lst	/Users/j.harris/code/cruisin-usa/tools/ida/romlst_labels.tsv	/Users/j.harris/code/cruisin-usa/tools/ida/apply_romlst_labels.py	3006	586	1057	599	20	376	3006								
2026-06-03T01:27:57.740774+00:00	/Users/j.harris/Downloads/carma/cruisin/crusnusa45_maindata_interleaved_bswap32.bin.lst	/Users/j.harris/code/cruisin-usa/tools/ida/romlst_labels.tsv	/Users/j.harris/code/cruisin-usa/tools/ida/apply_romlst_labels.py	3006	586	1057	599	20	376	3006								
2026-06-03T01:33:03.165760+00:00	/Users/j.harris/Downloads/carma/cruisin/crusnusa45_maindata_interleaved_bswap32.bin.lst	/Users/j.harris/code/cruisin-usa/tools/ida/romlst_labels.tsv	/Users/j.harris/code/cruisin-usa/tools/ida/apply_romlst_labels.py	3024	586	1075	599	20	376	3024								
2026-06-03T01:44:50.152104+00:00	/Users/j.harris/Downloads/carma/cruisin/crusnusa45_maindata_interleaved_bswap32.bin.lst	/Users/j.harris/code/cruisin-usa/tools/ida/romlst_labels.tsv	/Users/j.harris/code/cruisin-usa/tools/ida/apply_romlst_labels.py	3025	586	1076	599	20	376	3025								
2026-06-03T02:10:55.943506+00:00	/Users/j.harris/Downloads/carma/cruisin/crusnusa45_maindata_interleaved_bswap32.bin.lst	/Users/j.harris/code/cruisin-usa/tools/ida/romlst_labels.tsv	/Users/j.harris/code/cruisin-usa/tools/ida/apply_romlst_labels.py	3025	586	1076	599	20	376	3025	2995	91	6					
2026-06-03T02:11:24.119101+00:00	/Users/j.harris/Downloads/carma/cruisin/crusnusa45_maindata_interleaved_bswap32.bin.lst	/Users/j.harris/code/cruisin-usa/tools/ida/romlst_labels.tsv	/Users/j.harris/code/cruisin-usa/tools/ida/apply_romlst_labels.py	3025	586	1076	599	20	376	3025	3086	0	4					
2026-06-03T02:12:49.730523+00:00	/Users/j.harris/Downloads/carma/cruisin/crusnusa45_maindata_interleaved_bswap32.bin.lst	/Users/j.harris/code/cruisin-usa/tools/ida/romlst_labels.tsv	/Users/j.harris/code/cruisin-usa/tools/ida/apply_romlst_labels.py	3025	586	1076	599	20	376	3025	3086	2	1					
2026-06-03T02:13:16.315796+00:00	/Users/j.harris/Downloads/carma/cruisin/crusnusa45_maindata_interleaved_bswap32.bin.lst	/Users/j.harris/code/cruisin-usa/tools/ida/romlst_labels.tsv	/Users/j.harris/code/cruisin-usa/tools/ida/apply_romlst_labels.py	3025	586	1076	599	20	376	3025	3088	0	0					
2026-06-03T02:15:47.886094+00:00	/Users/j.harris/Downloads/carma/cruisin/crusnusa45_maindata_interleaved_bswap32.bin.lst	/Users/j.harris/code/cruisin-usa/tools/ida/romlst_labels.tsv	/Users/j.harris/code/cruisin-usa/tools/ida/apply_romlst_labels.py	3025	586	1076	599	20	376	3025	3088	0	0					
2026-06-03T02:16:10.155242+00:00	/Users/j.harris/Downloads/carma/cruisin/crusnusa45_maindata_interleaved_bswap32.bin.lst	/Users/j.harris/code/cruisin-usa/tools/ida/romlst_labels.tsv	/Users/j.harris/code/cruisin-usa/tools/ida/apply_romlst_labels.py	3025	586	1076	599	20	376	3025	3088	0	0					
2026-06-03T02:19:19.164529+00:00	/Users/j.harris/Downloads/carma/cruisin/crusnusa45_maindata_interleaved_bswap32.bin.lst	/Users/j.harris/code/cruisin-usa/tools/ida/romlst_labels.tsv	/Users/j.harris/code/cruisin-usa/tools/ida/apply_romlst_labels.py	3025	586	1076	599	20	376	3025	3088	0	0					
2026-06-03T02:32:24.925955+00:00	/Users/j.harris/Downloads/carma/cruisin/crusnusa45_maindata_interleaved_bswap32.bin.lst	/Users/j.harris/code/cruisin-usa/tools/ida/romlst_labels.tsv	/Users/j.harris/code/cruisin-usa/tools/ida/apply_romlst_labels.py	3025	586	1076	599	20	376	3025	3088	0	0					
2026-06-03T04:04:47.101974+00:00	/Users/j.harris/Downloads/carma/cruisin/crusnusa45_maindata_interleaved_bswap32.bin.lst	/Users/j.harris/code/cruisin-usa/tools/ida/romlst_labels.tsv	/Users/j.harris/code/cruisin-usa/tools/ida/apply_romlst_labels.py	2990	586	1041	599	20	376	2990	3088	35	0					
2026-06-03T04:05:19.811304+00:00	/Users/j.harris/Downloads/carma/cruisin/crusnusa45_maindata_interleaved_bswap32.bin.lst	/Users/j.harris/code/cruisin-usa/tools/ida/romlst_labels.tsv	/Users/j.harris/code/cruisin-usa/tools/ida/apply_romlst_labels.py	2990	586	1041	599	20	376	2990	3123	0	0					
2026-06-03T07:09:07.945752+00:00	/Users/j.harris/Downloads/carma/cruisin/crusnusa45_maindata_interleaved_bswap32.bin.lst	/Users/j.harris/code/cruisin-usa/tools/ida/romlst_labels.tsv	/Users/j.harris/code/cruisin-usa/tools/ida/apply_romlst_labels.py	3030	586	1081	599	20	376	3030	3123	40	0					
2026-06-03T08:19:35.877129+00:00	/Users/j.harris/Downloads/carma/cruisin/crusnusa45_maindata_interleaved_bswap32.bin.lst	/Users/j.harris/code/cruisin-usa/tools/ida/romlst_labels.tsv	/Users/j.harris/code/cruisin-usa/tools/ida/apply_romlst_labels.py	3075	600	1112	613	20	376	3075	3163	46	3					
2026-06-03T08:19:58.514274+00:00	/Users/j.harris/Downloads/carma/cruisin/crusnusa45_maindata_interleaved_bswap32.bin.lst	/Users/j.harris/code/cruisin-usa/tools/ida/romlst_labels.tsv	/Users/j.harris/code/cruisin-usa/tools/ida/apply_romlst_labels.py	3075	600	1112	613	20	376	3075	3209	0	0					
2026-06-03T08:40:18.726057+00:00	/Users/j.harris/Downloads/carma/cruisin/crusnusa45_maindata_interleaved_bswap32.bin.lst	/Users/j.harris/code/cruisin-usa/tools/ida/romlst_labels.tsv	/Users/j.harris/code/cruisin-usa/tools/ida/apply_romlst_labels.py	3072	600	1109	613	20	376	3072	3	3140	3	0				
2026-06-03T08:40:46.959162+00:00	/Users/j.harris/Downloads/carma/cruisin/crusnusa45_maindata_interleaved_bswap32.bin.lst	/Users/j.harris/code/cruisin-usa/tools/ida/romlst_labels.tsv	/Users/j.harris/code/cruisin-usa/tools/ida/apply_romlst_labels.py	3072	600	1109	613	20	376	3072	3	3137	0	0				
2026-06-03T08:44:19.275539+00:00	/Users/j.harris/Downloads/carma/cruisin/crusnusa45_maindata_interleaved_bswap32.bin.lst	/Users/j.harris/code/cruisin-usa/tools/ida/romlst_labels.tsv	/Users/j.harris/code/cruisin-usa/tools/ida/apply_romlst_labels.py	3072	600	1109	613	20	376	3072	3	3137	260	0				
2026-06-03T08:44:44.940266+00:00	/Users/j.harris/Downloads/carma/cruisin/crusnusa45_maindata_interleaved_bswap32.bin.lst	/Users/j.harris/code/cruisin-usa/tools/ida/romlst_labels.tsv	/Users/j.harris/code/cruisin-usa/tools/ida/apply_romlst_labels.py	3072	600	1109	613	20	376	3072	3	3137	0	0				
2026-06-03T09:01:44.397113+00:00	/Users/j.harris/Downloads/carma/cruisin/crusnusa45_maindata_interleaved_bswap32.bin.lst	/Users/j.harris/code/cruisin-usa/tools/ida/romlst_labels.tsv	/Users/j.harris/code/cruisin-usa/tools/ida/apply_romlst_labels.py	3072	600	1109	613	20	376	3072	3	3136	0	0				
2026-06-03T09:02:14.565545+00:00	/Users/j.harris/Downloads/carma/cruisin/crusnusa45_maindata_interleaved_bswap32.bin.lst	/Users/j.harris/code/cruisin-usa/tools/ida/romlst_labels.tsv	/Users/j.harris/code/cruisin-usa/tools/ida/apply_romlst_labels.py	3072	600	1109	613	20	376	3072	3	3136	0	0				
2026-06-03T18:30:24.216445+00:00	/Users/j.harris/Downloads/carma/cruisin/crusnusa45_maindata_interleaved_bswap32.bin.lst	/Users/j.harris/code/cruisin-usa/tools/ida/romlst_labels.tsv	/Users/j.harris/code/cruisin-usa/tools/ida/apply_romlst_labels.py	2681	1946	709	1957	23	378	2681	0	3136	12	7				
2026-06-03T18:31:49.801912+00:00	/Users/j.harris/Downloads/carma/cruisin/crusnusa45_maindata_interleaved_bswap32.bin.lst	/Users/j.harris/code/cruisin-usa/tools/ida/romlst_labels.tsv	/Users/j.harris/code/cruisin-usa/tools/ida/apply_romlst_labels.py	2676	619	709	630	24	378	2676	0	3148	0	0				
2026-06-03T18:33:23.070563+00:00	/Users/j.harris/Downloads/carma/cruisin/crusnusa45_maindata_interleaved_bswap32.bin.lst	/Users/j.harris/code/cruisin-usa/tools/ida/romlst_labels.tsv	/Users/j.harris/code/cruisin-usa/tools/ida/apply_romlst_labels.py	3147	617	1196	630	24	378	3147	0	3148	0	1				
2026-06-03T18:33:46.334881+00:00	/Users/j.harris/Downloads/carma/cruisin/crusnusa45_maindata_interleaved_bswap32.bin.lst	/Users/j.harris/code/cruisin-usa/tools/ida/romlst_labels.tsv	/Users/j.harris/code/cruisin-usa/tools/ida/apply_romlst_labels.py	3147	617	1196	630	24	378	3147	0	3147	0	0				
2026-06-03T20:03:52.252069+00:00	/Users/j.harris/Downloads/carma/cruisin/crusnusa45_maindata_interleaved_bswap32.bin.lst	/Users/j.harris/code/cruisin-usa/tools/ida/romlst_labels.tsv	/Users/j.harris/code/cruisin-usa/tools/ida/apply_romlst_labels.py	3147	617	1196	590	23	372	3147	0	3147	0	0				
2026-06-03T20:04:18.357716+00:00	/Users/j.harris/Downloads/carma/cruisin/crusnusa45_maindata_interleaved_bswap32.bin.lst	/Users/j.harris/code/cruisin-usa/tools/ida/romlst_labels.tsv	/Users/j.harris/code/cruisin-usa/tools/ida/apply_romlst_labels.py	3147	617	1196	590	23	372	3147	0	3147	0	0				
2026-06-03T20:05:35.151139+00:00	/Users/j.harris/Downloads/carma/cruisin/crusnusa45_maindata_interleaved_bswap32.bin.lst	/Users/j.harris/code/cruisin-usa/tools/ida/romlst_labels.tsv	/Users/j.harris/code/cruisin-usa/tools/ida/apply_romlst_labels.py	3147	617	1196	590	23	372	3147	0	3147	0	0				
2026-06-03T20:08:09.563618+00:00	/Users/j.harris/Downloads/carma/cruisin/crusnusa45_maindata_interleaved_bswap32.bin.lst	/Users/j.harris/code/cruisin-usa/tools/ida/romlst_labels.tsv	/Users/j.harris/code/cruisin-usa/tools/ida/apply_romlst_labels.py	3147	617	1196	590	23	372	3147	0	3147	0	0				
2026-06-03T20:18:44.467444+00:00	/Users/j.harris/Downloads/carma/cruisin/crusnusa45_maindata_interleaved_bswap32.bin.lst	/Users/j.harris/code/cruisin-usa/tools/ida/romlst_labels.tsv	/Users/j.harris/code/cruisin-usa/tools/ida/apply_romlst_labels.py	3148	617	1197	590	22	372	3148	6	3416	1	0	/Users/j.harris/Downloads/carma/cruisin/ida-address.map	3147	269	10
2026-06-03T20:19:14.220735+00:00	/Users/j.harris/Downloads/carma/cruisin/crusnusa45_maindata_interleaved_bswap32.bin.lst	/Users/j.harris/code/cruisin-usa/tools/ida/romlst_labels.tsv	/Users/j.harris/code/cruisin-usa/tools/ida/apply_romlst_labels.py	3148	617	1197	590	22	372	3148	6	3417	0	0	/Users/j.harris/Downloads/carma/cruisin/ida-address.map	3149	268	0
2026-06-03T20:20:05.672124+00:00	/Users/j.harris/Downloads/carma/cruisin/crusnusa45_maindata_interleaved_bswap32.bin.lst	/Users/j.harris/code/cruisin-usa/tools/ida/romlst_labels.tsv	/Users/j.harris/code/cruisin-usa/tools/ida/apply_romlst_labels.py	3148	617	1197	590	22	372	3148	6	3417	0	0	/Users/j.harris/Downloads/carma/cruisin/ida-address.map	3149	268	0
2026-06-03T20:20:27.445492+00:00	/Users/j.harris/Downloads/carma/cruisin/crusnusa45_maindata_interleaved_bswap32.bin.lst	/Users/j.harris/code/cruisin-usa/tools/ida/romlst_labels.tsv	/Users/j.harris/code/cruisin-usa/tools/ida/apply_romlst_labels.py	3148	617	1197	590	22	372	3148	6	3417	0	0	/Users/j.harris/Downloads/carma/cruisin/ida-address.map	3417	0	0
2026-06-03T20:30:56.255732+00:00	/Users/j.harris/Downloads/carma/cruisin/crusnusa45_maindata_interleaved_bswap32.bin.lst	/Users/j.harris/code/cruisin-usa/tools/ida/romlst_labels.tsv	/Users/j.harris/code/cruisin-usa/tools/ida/apply_romlst_labels.py	3148	617	1197	590	22	372	3148	6	3417	0	0	/Users/j.harris/Downloads/carma/cruisin/ida-address.map	3417	0	0
2026-06-03T20:38:44.953600+00:00	/Users/j.harris/Downloads/carma/cruisin/crusnusa45_maindata_interleaved_bswap32.bin.lst	/Users/j.harris/code/cruisin-usa/tools/ida/romlst_labels.tsv	/Users/j.harris/code/cruisin-usa/tools/ida/apply_romlst_labels.py	3148	617	1197	590	22	372	3148	0	3149	0	0	/Users/j.harris/Downloads/carma/cruisin/ida-address.map	3149	0	0
2026-06-03T20:59:01.993717+00:00	/Users/j.harris/Downloads/carma/cruisin/crusnusa45_maindata_interleaved_bswap32.bin.lst	/Users/j.harris/code/cruisin-usa/tools/ida/romlst_labels.tsv	/Users/j.harris/code/cruisin-usa/tools/ida/apply_romlst_labels.py	3180	621	1209	606	24	380	3180	1	3149	33	0	/Users/j.harris/Downloads/carma/cruisin/ida-address.map	3149	0	0
2026-06-03T21:07:01.813869+00:00	/Users/j.harris/Downloads/carma/cruisin/crusnusa45_maindata_interleaved_bswap32.bin.lst	/Users/j.harris/code/cruisin-usa/tools/ida/romlst_labels.tsv	/Users/j.harris/code/cruisin-usa/tools/ida/apply_romlst_labels.py	3180	622	1209	606	24	380	3180	2	3182	0	0	/Users/j.harris/Downloads/carma/cruisin/ida-address.map	3181	1	0
2026-06-03T21:10:33.843389+00:00	/Users/j.harris/Downloads/carma/cruisin/crusnusa45_maindata_interleaved_bswap32.bin.lst	/Users/j.harris/code/cruisin-usa/tools/ida/romlst_labels.tsv	/Users/j.harris/code/cruisin-usa/tools/ida/apply_romlst_labels.py	3180	622	1209	606	24	380	3180	2	3182	0	0	/Users/j.harris/Downloads/carma/cruisin/ida-address.map	3181	1	0
2026-06-03T21:21:20.456811+00:00	/Users/j.harris/Downloads/carma/cruisin/crusnusa45_maindata_interleaved_bswap32.bin.lst	/Users/j.harris/code/cruisin-usa/tools/ida/romlst_labels.tsv	/Users/j.harris/code/cruisin-usa/tools/ida/apply_romlst_labels.py	3180	622	1209	606	24	380	3180	2	3182	0	0	/Users/j.harris/Downloads/carma/cruisin/ida-address.map	3181	1	0
2026-06-03T21:54:40.003286+00:00	/Users/j.harris/Downloads/carma/cruisin/crusnusa45_maindata_interleaved_bswap32.bin.lst	/Users/j.harris/code/cruisin-usa/tools/ida/romlst_labels.tsv	/Users/j.harris/code/cruisin-usa/tools/ida/apply_romlst_labels.py	3180	622	1209	606	24	380	3180	2	3182	0	0	/Users/j.harris/Downloads/carma/cruisin/ida-address.map	3181	1	0
2026-06-04T00:36:34.411069+00:00	/Users/j.harris/Downloads/carma/cruisin/crusnusa45_maindata_interleaved_bswap32.bin.lst	/Users/j.harris/code/cruisin-usa/tools/ida/romlst_labels.tsv	/Users/j.harris/code/cruisin-usa/tools/ida/apply_romlst_labels.py	3526	686	1345	666	27	414	3526	13	3198	333	0	/Users/j.harris/Downloads/carma/cruisin/ida-address.map	3197	1	0
2026-06-04T00:38:44.312220+00:00	/Users/j.harris/Downloads/carma/cruisin/crusnusa45_maindata_interleaved_bswap32.bin.lst	/Users/j.harris/code/cruisin-usa/tools/ida/romlst_labels.tsv	/Users/j.harris/code/cruisin-usa/tools/ida/apply_romlst_labels.py	3526	689	1348	666	27	414	3526	16	3531	0	0	/Users/j.harris/Downloads/carma/cruisin/ida-address.map	3527	4	0
2026-06-04T00:40:12.941227+00:00	/Users/j.harris/Downloads/carma/cruisin/crusnusa45_maindata_interleaved_bswap32.bin.lst	/Users/j.harris/code/cruisin-usa/tools/ida/romlst_labels.tsv	/Users/j.harris/code/cruisin-usa/tools/ida/ida_label_import.py	3526	689	1348	666	27	414	3526	16	3531	0	0	/Users/j.harris/Downloads/carma/cruisin/ida-address.map	3527	4	0
2026-06-04T00:45:24.796161+00:00	/Users/j.harris/Downloads/carma/cruisin/crusnusa45_maindata_interleaved_bswap32.bin.lst	/Users/j.harris/code/cruisin-usa/tools/ida/romlst_labels.tsv	/Users/j.harris/code/cruisin-usa/tools/ida/ida_label_import.py	3526	689	1348	666	27	414	3526	16	3531	0	0	/Users/j.harris/Downloads/carma/cruisin/ida-address.map	3527	4	0
2026-06-04T00:50:07.308084+00:00	/Users/j.harris/Downloads/carma/cruisin/crusnusa45_maindata_interleaved_bswap32.bin.lst	/Users/j.harris/code/cruisin-usa/tools/ida/log/romlst_labels.tsv	/Users/j.harris/code/cruisin-usa/tools/ida/ida_label_import.py	3526	689	1348	666	27	414	3526	16	3531	0	0	/Users/j.harris/Downloads/carma/cruisin/ida-address.map	3527	4	0
2026-06-04T00:55:22.173813+00:00	/Users/j.harris/Downloads/carma/cruisin/crusnusa45_maindata_interleaved_bswap32.bin.lst	/Users/j.harris/code/cruisin-usa/tools/ida/log/romlst_labels.tsv	/Users/j.harris/code/cruisin-usa/tools/ida/ida_label_import.py	3526	689	1348	666	27	414	3526	16	3531	0	0	/Users/j.harris/Downloads/carma/cruisin/ida-address.map	3527	4	0
2026-06-04T01:05:23.901034+00:00	/Users/j.harris/Downloads/carma/cruisin/crusnusa45_maindata_interleaved_bswap32.bin.lst	/Users/j.harris/code/cruisin-usa/tools/ida/log/romlst_labels.tsv	/Users/j.harris/code/cruisin-usa/tools/ida/ida_label_import.py	3584	695	1370	673	27	418	3584	16	3531	58	0	/Users/j.harris/Downloads/carma/cruisin/ida-address.map	3527	4	0
2026-06-04T01:13:09.418090+00:00	/Users/j.harris/Downloads/carma/cruisin/crusnusa45_maindata_interleaved_bswap32.bin.lst	/Users/j.harris/code/cruisin-usa/tools/ida/log/romlst_labels.tsv	/Users/j.harris/code/cruisin-usa/tools/ida/ida_label_import.py	3814	744	1404	725	25	426	3814	17	3589	231	0	/Users/j.harris/Downloads/carma/cruisin/ida-address.map	3585	4	0
2026-06-04T04:49:58.407392+00:00	/Users/j.harris/Downloads/carma/cruisin/crusnusa45_maindata_interleaved_bswap32.bin.lst	/Users/j.harris/code/cruisin-usa/tools/ida/log/romlst_labels.tsv	/Users/j.harris/code/cruisin-usa/tools/ida/ida_label_import.py	3897	757	1429	739	23	428	3897	19	3820	84	0	/Users/j.harris/Downloads/carma/cruisin/ida-address.map	3815	5	0
2026-06-04T04:57:20.438000+00:00	/Users/j.harris/Downloads/carma/cruisin/crusnusa45_maindata_interleaved_bswap32.bin.lst	/Users/j.harris/code/cruisin-usa/tools/ida/log/romlst_labels.tsv	/Users/j.harris/code/cruisin-usa/tools/ida/ida_label_import.py	3942	759	1444	740	16	428	3942	21	3904	46	0	/Users/j.harris/Downloads/carma/cruisin/ida-address.map	3898	6	0
2026-06-04T08:36:18.282870+00:00	/Users/j.harris/Downloads/carma/cruisin/crusnusa45_maindata_interleaved_bswap32.bin.lst	/Users/j.harris/code/cruisin-usa/tools/ida/log/romlst_labels.tsv	/Users/j.harris/code/cruisin-usa/tools/ida/ida_label_import.py	3942	763	1444	740	16	428	3942	22	3949	0	0	/Users/j.harris/Downloads/carma/cruisin/ida-address.map	3943	6	0
2026-06-04T08:38:04.834693+00:00	/Users/j.harris/Downloads/carma/cruisin/crusnusa45_maindata_interleaved_bswap32.bin.lst	/Users/j.harris/code/cruisin-usa/tools/ida/log/romlst_labels.tsv	/Users/j.harris/code/cruisin-usa/tools/ida/ida_label_import.py	3954	764	1445	741	16	428	3954	22	3949	12	0	/Users/j.harris/Downloads/carma/cruisin/ida-address.map	3943	6	0
2026-06-04T09:54:03.928813+00:00	/Users/j.harris/Downloads/carma/cruisin/crusnusa45_maindata_interleaved_bswap32.bin.lst	/Users/j.harris/code/cruisin-usa/tools/ida/log/romlst_labels.tsv	/Users/j.harris/code/cruisin-usa/tools/ida/ida_label_import.py	3995	767	1455	744	11	428	3995	22	3961	41	0	/Users/j.harris/Downloads/carma/cruisin/ida-address.map	3955	6	0
2026-06-04T10:03:25.582347+00:00	/Users/j.harris/Downloads/carma/cruisin/crusnusa45_maindata_interleaved_bswap32.bin.lst	/Users/j.harris/code/cruisin-usa/tools/ida/log/romlst_labels.tsv	/Users/j.harris/code/cruisin-usa/tools/ida/ida_label_import.py	4020	769	1464	746	10	430	4020	22	4002	25	0	/Users/j.harris/Downloads/carma/cruisin/ida-address.map	3996	6	0
2026-06-04T10:34:51.942803+00:00	/Users/j.harris/Downloads/carma/cruisin/crusnusa45_maindata_interleaved_bswap32.bin.lst	/Users/j.harris/code/cruisin-usa/tools/ida/log/romlst_labels.tsv	/Users/j.harris/code/cruisin-usa/tools/ida/ida_label_import.py	4020	769	1464	746	10	430	4020	22	4027	0	0	/Users/j.harris/Downloads/carma/cruisin/ida-address.map	4021	6	0
2026-06-04T10:37:31.507360+00:00	/Users/j.harris/Downloads/carma/cruisin/crusnusa45_maindata_interleaved_bswap32.bin.lst	/Users/j.harris/code/cruisin-usa/tools/ida/log/romlst_labels.tsv	/Users/j.harris/code/cruisin-usa/tools/ida/ida_label_import.py	4042	770	1472	747	10	430	4042	23	4027	22	0	/Users/j.harris/Downloads/carma/cruisin/ida-address.map	4021	6	0
2026-06-04T10:45:15.614138+00:00	/Users/j.harris/Downloads/carma/cruisin/crusnusa45_maindata_interleaved_bswap32.bin.lst	/Users/j.harris/code/cruisin-usa/tools/ida/log/romlst_labels.tsv	/Users/j.harris/code/cruisin-usa/tools/ida/ida_label_import.py	4056	754	1495	748	9	430	4056	23	4049	14	0	/Users/j.harris/Downloads/carma/cruisin/ida-address.map	4043	6	0
2026-06-04T18:34:47.737747+00:00	/Users/j.harris/Downloads/carma/cruisin/crusnusa45_maindata_interleaved_bswap32.bin.lst	/Users/j.harris/code/cruisin-usa/tools/ida/log/romlst_labels.tsv	/Users/j.harris/code/cruisin-usa/tools/ida/ida_label_import.py	4057	754	1496	748	9	430	4057	23	4063	1	0	/Users/j.harris/Downloads/carma/cruisin/ida-address.map	4057	6	0
2026-06-04T18:42:16.875727+00:00	/Users/j.harris/Downloads/carma/cruisin/crusnusa45_maindata_interleaved_bswap32.bin.lst	/Users/j.harris/code/cruisin-usa/tools/ida/log/romlst_labels.tsv	/Users/j.harris/code/cruisin-usa/tools/ida/ida_label_import.py	4078	755	1515	750	9	430	4078	23	4064	21	0	/Users/j.harris/Downloads/carma/cruisin/ida-address.map	4058	6	0
2026-06-04T18:49:56.826582+00:00	/Users/j.harris/Downloads/carma/cruisin/crusnusa45_maindata_interleaved_bswap32.bin.lst	/Users/j.harris/code/cruisin-usa/tools/ida/log/romlst_labels.tsv	/Users/j.harris/code/cruisin-usa/tools/ida/ida_label_import.py	4080	755	1517	750	9	432	4080	23	4085	2	0	/Users/j.harris/Downloads/carma/cruisin/ida-address.map	4079	6	0
2026-06-04T18:56:33.462973+00:00	/Users/j.harris/Downloads/carma/cruisin/crusnusa45_maindata_interleaved_bswap32.bin.lst	/Users/j.harris/code/cruisin-usa/tools/ida/log/romlst_labels.tsv	/Users/j.harris/code/cruisin-usa/tools/ida/ida_label_import.py	4085	755	1520	750	9	432	4085	23	4087	5	0	/Users/j.harris/Downloads/carma/cruisin/ida-address.map	4081	6	0
2026-06-04T18:58:36.672191+00:00	/Users/j.harris/Downloads/carma/cruisin/crusnusa45_maindata_interleaved_bswap32.bin.lst	/Users/j.harris/code/cruisin-usa/tools/ida/log/romlst_labels.tsv	/Users/j.harris/code/cruisin-usa/tools/ida/ida_label_import.py	4107	755	1520	750	8	444	4107	23	4092	22	0	/Users/j.harris/Downloads/carma/cruisin/ida-address.map	4086	6	0
2026-06-04T19:33:42.653729+00:00	/Users/j.harris/Downloads/carma/cruisin/crusnusa45_maindata_interleaved_bswap32.bin.lst	/Users/j.harris/code/cruisin-usa/tools/ida/log/romlst_labels.tsv	/Users/j.harris/code/cruisin-usa/tools/ida/ida_label_import.py	4151	757	1549	752	8	448	4151	23	4114	44	0	/Users/j.harris/Downloads/carma/cruisin/ida-address.map	4108	6	0
2026-06-04T19:50:51.165503+00:00	/Users/j.harris/Downloads/carma/cruisin/crusnusa45_maindata_interleaved_bswap32.bin.lst	/Users/j.harris/code/cruisin-usa/tools/ida/log/romlst_labels.tsv	/Users/j.harris/code/cruisin-usa/tools/ida/ida_label_import.py	4160	757	1553	752	8	452	4160	23	4158	9	0	/Users/j.harris/Downloads/carma/cruisin/ida-address.map	4152	6	0
2026-06-04T19:57:21.705177+00:00	/Users/j.harris/Downloads/carma/cruisin/crusnusa45_maindata_interleaved_bswap32.bin.lst	/Users/j.harris/code/cruisin-usa/tools/ida/log/romlst_labels.tsv	/Users/j.harris/code/cruisin-usa/tools/ida/ida_label_import.py	4165	757	1556	752	7	454	4165	23	4167	5	0	/Users/j.harris/Downloads/carma/cruisin/ida-address.map	4161	6	0
2026-06-04T20:00:32.728983+00:00	/Users/j.harris/Downloads/carma/cruisin/crusnusa45_maindata_interleaved_bswap32.bin.lst	/Users/j.harris/code/cruisin-usa/tools/ida/log/romlst_labels.tsv	/Users/j.harris/code/cruisin-usa/tools/ida/ida_label_import.py	4165	757	1556	752	7	454	4165	23	4172	0	0	/Users/j.harris/Downloads/carma/cruisin/ida-address.map	4166	6	0
2026-06-04T20:04:59.730187+00:00	/Users/j.harris/Downloads/carma/cruisin/crusnusa45_maindata_interleaved_bswap32.bin.lst	/Users/j.harris/code/cruisin-usa/tools/ida/log/romlst_labels.tsv	/Users/j.harris/code/cruisin-usa/tools/ida/ida_label_import.py	4183	758	1557	753	4	454	4183	23	4172	18	0	/Users/j.harris/Downloads/carma/cruisin/ida-address.map	4166	6	0
2026-06-04T20:18:51.908846+00:00	/Users/j.harris/Downloads/carma/cruisin/crusnusa45_maindata_interleaved_bswap32.bin.lst	/Users/j.harris/code/cruisin-usa/tools/ida/log/romlst_labels.tsv	/Users/j.harris/code/cruisin-usa/tools/ida/ida_label_import.py	4347	771	1686	765	3	454	4347	18	4190	164	0	/Users/j.harris/Downloads/carma/cruisin/ida-address.map	4184	6	0
2026-06-04T20:31:55.641289+00:00	/Users/j.harris/Downloads/carma/cruisin/crusnusa45_maindata_interleaved_bswap32.bin.lst	/Users/j.harris/code/cruisin-usa/tools/ida/log/romlst_labels.tsv	/Users/j.harris/code/cruisin-usa/tools/ida/ida_label_import.py	4463	771	1801	765	2	456	4463	25	4348	116	0	/Users/j.harris/Downloads/carma/cruisin/ida-address.map	4348	0	0
2026-06-04T20:33:59.722953+00:00	/Users/j.harris/Downloads/carma/cruisin/crusnusa45_maindata_interleaved_bswap32.bin.lst	/Users/j.harris/code/cruisin-usa/tools/ida/log/romlst_labels.tsv	/Users/j.harris/code/cruisin-usa/tools/ida/ida_label_import.py	4508	780	1816	774	3	462	4508	25	4465	44	0	/Users/j.harris/Downloads/carma/cruisin/ida-address.map	4464	1	0
2026-06-04T20:36:05.092372+00:00	/Users/j.harris/Downloads/carma/cruisin/crusnusa45_maindata_interleaved_bswap32.bin.lst	/Users/j.harris/code/cruisin-usa/tools/ida/log/romlst_labels.tsv	/Users/j.harris/code/cruisin-usa/tools/ida/ida_label_import.py	4523	783	1823	777	1	462	4523	25	4509	15	0	/Users/j.harris/Downloads/carma/cruisin/ida-address.map	4509	0	0
2026-06-04T20:40:16.854541+00:00	/Users/j.harris/Downloads/carma/cruisin/crusnusa45_maindata_interleaved_bswap32.bin.lst	/Users/j.harris/code/cruisin-usa/tools/ida/log/romlst_labels.tsv	/Users/j.harris/code/cruisin-usa/tools/ida/ida_label_import.py	4523	786	1818	777	1	462	4523	25	4524	0	0	/Users/j.harris/Downloads/carma/cruisin/ida-address.map	4524	0	0
2026-06-04T20:42:06.860050+00:00	/Users/j.harris/Downloads/carma/cruisin/crusnusa45_maindata_interleaved_bswap32.bin.lst	/Users/j.harris/code/cruisin-usa/tools/ida/log/romlst_labels.tsv	/Users/j.harris/code/cruisin-usa/tools/ida/ida_label_import.py	4524	786	1819	777	1	462	4524	25	4524	1	0	/Users/j.harris/Downloads/carma/cruisin/ida-address.map	4524	0	0
2026-06-04T20:50:26.645292+00:00	/Users/j.harris/Downloads/carma/cruisin/crusnusa45_maindata_interleaved_bswap32.bin.lst	/Users/j.harris/code/cruisin-usa/tools/ida/log/romlst_labels.tsv	/Users/j.harris/code/cruisin-usa/tools/ida/ida_label_import.py	4524	786	1819	763	0	462	4524	25	4525	0	0	/Users/j.harris/Downloads/carma/cruisin/ida-address.map	4525	0	0
2026-06-04T21:37:24.996650+00:00	/Users/j.harris/Downloads/carma/cruisin/crusnusa45_maindata_interleaved_bswap32.bin.lst	/Users/j.harris/code/cruisin-usa/tools/ida/log/romlst_labels.tsv	/Users/j.harris/code/cruisin-usa/tools/ida/ida_label_import.py	4528	787	1820	763	0	462	4528	25	4529	0	0	/Users/j.harris/Downloads/carma/cruisin/ida-address.map	4529	0	0
2026-06-04T21:43:37.351917+00:00	/Users/j.harris/Downloads/carma/cruisin/crusnusa45_maindata_interleaved_bswap32.bin.lst	/Users/j.harris/code/cruisin-usa/tools/ida/log/romlst_labels.tsv	/Users/j.harris/code/cruisin-usa/tools/ida/ida_label_import.py	4546	790	1824	767	1	468	4546	25	4529	18	0	/Users/j.harris/Downloads/carma/cruisin/ida-address.map	4529	0	0
2026-06-04T21:50:03.534545+00:00	/Users/j.harris/Downloads/carma/cruisin/crusnusa45_maindata_interleaved_bswap32.bin.lst	/Users/j.harris/code/cruisin-usa/tools/ida/log/romlst_labels.tsv	/Users/j.harris/code/cruisin-usa/tools/ida/ida_label_import.py	4548	790	1825	767	0	468	4548	25	4547	2	0	/Users/j.harris/Downloads/carma/cruisin/ida-address.map	4547	0	0
2026-06-04T21:52:38.906175+00:00	/Users/j.harris/Downloads/carma/cruisin/crusnusa45_maindata_interleaved_bswap32.bin.lst	/Users/j.harris/code/cruisin-usa/tools/ida/log/romlst_labels.tsv	/Users/j.harris/code/cruisin-usa/tools/ida/ida_label_import.py	4591	795	1827	773	2	478	4591	26	4551	42	0	/Users/j.harris/Downloads/carma/cruisin/ida-address.map	4549	2	0
2026-06-04T21:56:02.761895+00:00	/Users/j.harris/Downloads/carma/cruisin/crusnusa45_maindata_interleaved_bswap32.bin.lst	/Users/j.harris/code/cruisin-usa/tools/ida/log/romlst_labels.tsv	/Users/j.harris/code/cruisin-usa/tools/ida/ida_label_import.py	4617	800	1836	776	2	484	4617	27	4592	27	0	/Users/j.harris/Downloads/carma/cruisin/ida-address.map	4592	0	0
2026-06-04T22:07:24.863968+00:00	/Users/j.harris/Downloads/carma/cruisin/crusnusa45_maindata_interleaved_bswap32.bin.lst	/Users/j.harris/code/cruisin-usa/tools/ida/log/romlst_labels.tsv	/Users/j.harris/code/cruisin-usa/tools/ida/ida_label_import.py	4622	800	1837	776	0	484	4622	28	4619	5	0	/Users/j.harris/Downloads/carma/cruisin/ida-address.map	4618	1	0
2026-06-04T23:58:45.910955+00:00	/Users/j.harris/Downloads/carma/cruisin/crusnusa45_maindata_interleaved_bswap32.bin.lst	/Users/j.harris/code/cruisin-usa/tools/ida/log/romlst_labels.tsv	/Users/j.harris/code/cruisin-usa/tools/ida/ida_label_import.py	4881	910	1986	776	0	484	4881	39	4624	260	0	/Users/j.harris/Downloads/carma/cruisin/ida-address.map	4623	1	0
2026-06-05T00:00:21.986688+00:00	/Users/j.harris/Downloads/carma/cruisin/crusnusa45_maindata_interleaved_bswap32.bin.lst	/Users/j.harris/code/cruisin-usa/tools/ida/log/romlst_labels.tsv	/Users/j.harris/code/cruisin-usa/tools/ida/ida_label_import.py	4699	814	1802	776	0	484	4699	41	4702	0	0	/Users/j.harris/Downloads/carma/cruisin/ida-address.map	4882	2	0
2026-06-05T00:11:24.912249+00:00	/Users/j.harris/Downloads/carma/cruisin/crusnusa45_maindata_interleaved_bswap32.bin.lst	/Users/j.harris/code/cruisin-usa/tools/ida/log/romlst_labels.tsv	/Users/j.harris/code/cruisin-usa/tools/ida/ida_label_import.py	4699	814	1802	776	0	484	4699	41	4702	0	0	/Users/j.harris/Downloads/carma/cruisin/ida-address.map	4700	161	0
2026-06-05T00:22:43.216957+00:00	/Users/j.harris/Downloads/carma/cruisin/crusnusa45_maindata_interleaved_bswap32.bin.lst	/Users/j.harris/code/cruisin-usa/tools/ida/log/romlst_labels.tsv	/Users/j.harris/code/cruisin-usa/tools/ida/ida_label_import.py	4840	814	1943	776	0	484	4840	29	4702	141	0	/Users/j.harris/Downloads/carma/cruisin/ida-address.map	4700	161	0
2026-06-05T00:31:00.349901+00:00	/Users/j.harris/Downloads/carma/cruisin/crusnusa45_maindata_interleaved_bswap32.bin.lst	/Users/j.harris/code/cruisin-usa/tools/ida/log/romlst_labels.tsv	/Users/j.harris/code/cruisin-usa/tools/ida/ida_label_import.py	4840	814	1943	776	0	484	4840	29	4702	141	0	/Users/j.harris/Downloads/carma/cruisin/ida-address.map	4700	161	0
2026-06-05T00:33:16.607086+00:00	/Users/j.harris/Downloads/carma/cruisin/crusnusa45_maindata_interleaved_bswap32.bin.lst	/Users/j.harris/code/cruisin-usa/tools/ida/log/romlst_labels.tsv	/Users/j.harris/code/cruisin-usa/tools/ida/ida_label_import.py	4701	814	1803	776	0	484	4701	41	4702	1	0	/Users/j.harris/Downloads/carma/cruisin/ida-address.map	4700	183	0
2026-06-05T00:41:36.584420+00:00	/Users/j.harris/Downloads/carma/cruisin/crusnusa45_maindata_interleaved_bswap32.bin.lst	/Users/j.harris/code/cruisin-usa/tools/ida/log/romlst_labels.tsv	/Users/j.harris/code/cruisin-usa/tools/ida/ida_label_import.py	4701	814	1803	776	0	484	4701	41	4702	1	0	/Users/j.harris/Downloads/carma/cruisin/ida-address.map	4650	233	0
2026-06-05T00:43:17.224165+00:00	/Users/j.harris/Downloads/carma/cruisin/crusnusa45_maindata_interleaved_bswap32.bin.lst	/Users/j.harris/code/cruisin-usa/tools/ida/log/romlst_labels.tsv	/Users/j.harris/code/cruisin-usa/tools/ida/ida_label_import.py	4650	814	1752	776	0	484	4650	41	4650	1	0		0	0	0
2026-06-05T00:54:12.608106+00:00	/Users/j.harris/Downloads/carma/cruisin/crusnusa45_maindata_interleaved_bswap32.bin.lst	/Users/j.harris/code/cruisin-usa/tools/ida/log/romlst_labels.tsv	/Users/j.harris/code/cruisin-usa/tools/ida/ida_label_import.py	4718	814	1752	776	0	484	4718	41	4650	69	0		0	0	0
2026-06-05T01:06:35.203354+00:00	/Users/j.harris/Downloads/carma/cruisin/crusnusa45_maindata_interleaved_bswap32.bin.lst	/Users/j.harris/code/cruisin-usa/tools/ida/log/romlst_labels.tsv	/Users/j.harris/code/cruisin-usa/tools/ida/ida_label_import.py	4718	814	1756	776	0	484	4718	41	4718	1	0		0	0	0
2026-06-05T01:48:31.382486+00:00	/Users/j.harris/Downloads/carma/cruisin/crusnusa45_maindata_interleaved_bswap32.bin.lst	/Users/j.harris/code/cruisin-usa/tools/ida/log/romlst_labels.tsv	/Users/j.harris/code/cruisin-usa/tools/ida/ida_label_import.py	5343	814	2381	776	0	484	5343	46	4718	626	0		0	0	0
2026-06-05T04:08:26.276269+00:00	/Users/j.harris/Downloads/carma/cruisin/crusnusa45_maindata_interleaved_bswap32.bin.lst	/Users/j.harris/code/cruisin-usa/tools/ida/log/romlst_labels.tsv	/Users/j.harris/code/cruisin-usa/tools/ida/ida_label_import.py	5353	835	2274	776	0	484	5353	41	5343	11	0		0	0	0
2026-06-05T04:44:58.954613+00:00	/Users/j.harris/Downloads/carma/cruisin/crusnusa45_maindata_interleaved_bswap32.bin.lst	/Users/j.harris/code/cruisin-usa/tools/ida/log/romlst_labels.tsv	/Users/j.harris/code/cruisin-usa/tools/ida/ida_label_import.py	5353	835	2274	776	0	484	5353	41	5353	1	0		0	0	0
2026-06-05T04:46:30.272662+00:00	/Users/j.harris/Downloads/carma/cruisin/crusnusa45_maindata_interleaved_bswap32.bin.lst	/Users/j.harris/code/cruisin-usa/tools/ida/log/romlst_labels.tsv	/Users/j.harris/code/cruisin-usa/tools/ida/ida_label_import.py	5353	835	2274	776	0	484	5353	41	5353	1	0		0	0	0
2026-06-05T04:49:53.370730+00:00	/Users/j.harris/Downloads/carma/cruisin/crusnusa45_maindata_interleaved_bswap32.bin.lst	/Users/j.harris/code/cruisin-usa/tools/ida/log/romlst_labels.tsv	/Users/j.harris/code/cruisin-usa/tools/ida/ida_label_import.py	5353	835	2274	776	0	484	5353	41	5353	1	0		0	0	0
2026-06-05T04:53:59.397112+00:00	/Users/j.harris/Downloads/carma/cruisin/crusnusa45_maindata_interleaved_bswap32.bin.lst	/Users/j.harris/code/cruisin-usa/tools/ida/log/romlst_labels.tsv	/Users/j.harris/code/cruisin-usa/tools/ida/ida_label_import.py	5353	835	2274	776	0	484	5353	41	5353	1	0		0	0	0
2026-06-05T04:54:50.269059+00:00	/Users/j.harris/Downloads/carma/cruisin/crusnusa45_maindata_interleaved_bswap32.bin.lst	/Users/j.harris/code/cruisin-usa/tools/ida/log/romlst_labels.tsv	/Users/j.harris/code/cruisin-usa/tools/ida/ida_label_import.py	5353	835	2274	776	0	484	5353	41	5353	1	0		0	0	0
2026-06-05T04:55:34.309020+00:00	/Users/j.harris/Downloads/carma/cruisin/crusnusa45_maindata_interleaved_bswap32.bin.lst	/Users/j.harris/code/cruisin-usa/tools/ida/log/romlst_labels.tsv	/Users/j.harris/code/cruisin-usa/tools/ida/ida_label_import.py	5353	835	2274	776	0	484	5353	41	5353	1	0		0	0	0
2026-06-05T04:56:44.212585+00:00	/Users/j.harris/Downloads/carma/cruisin/crusnusa45_maindata_interleaved_bswap32.bin.lst	/Users/j.harris/code/cruisin-usa/tools/ida/log/romlst_labels.tsv	/Users/j.harris/code/cruisin-usa/tools/ida/ida_label_import.py	5353	835	2274	776	0	484	5353	41	5353	1	0		0	0	0
2026-06-05T04:57:41.667695+00:00	/Users/j.harris/Downloads/carma/cruisin/crusnusa45_maindata_interleaved_bswap32.bin.lst	/Users/j.harris/code/cruisin-usa/tools/ida/log/romlst_labels.tsv	/Users/j.harris/code/cruisin-usa/tools/ida/ida_label_import.py	5353	835	2274	776	0	484	5353	41	5353	1	0		0	0	0
2026-06-05T04:59:09.086126+00:00	/Users/j.harris/Downloads/carma/cruisin/crusnusa45_maindata_interleaved_bswap32.bin.lst	/Users/j.harris/code/cruisin-usa/tools/ida/log/romlst_labels.tsv	/Users/j.harris/code/cruisin-usa/tools/ida/ida_label_import.py	5353	835	2274	776	0	484	5353	41	5353	1	0		0	0	0
2026-06-05T04:59:48.292417+00:00	/Users/j.harris/Downloads/carma/cruisin/crusnusa45_maindata_interleaved_bswap32.bin.lst	/Users/j.harris/code/cruisin-usa/tools/ida/log/romlst_labels.tsv	/Users/j.harris/code/cruisin-usa/tools/ida/ida_label_import.py	5353	835	2274	776	0	484	5353	41	5353	1	0		0	0	0
2026-06-05T05:01:09.245667+00:00	/Users/j.harris/Downloads/carma/cruisin/crusnusa45_maindata_interleaved_bswap32.bin.lst	/Users/j.harris/code/cruisin-usa/tools/ida/log/romlst_labels.tsv	/Users/j.harris/code/cruisin-usa/tools/ida/ida_label_import.py	5353	798	2413	776	0	484	5353	41	5353	1	607		0	0	0
2026-06-05T05:05:49.193871+00:00	/Users/j.harris/Downloads/carma/cruisin/crusnusa45_maindata_interleaved_bswap32.bin.lst	/Users/j.harris/code/cruisin-usa/tools/ida/log/romlst_labels.tsv	/Users/j.harris/code/cruisin-usa/tools/ida/ida_label_import.py	5353	798	2413	773	0	480	5353	41	5353	1	0		0	0	0
2026-06-05T05:09:20.201501+00:00	/Users/j.harris/Downloads/carma/cruisin/crusnusa45_maindata_interleaved_bswap32.bin.lst	/Users/j.harris/code/cruisin-usa/tools/ida/log/romlst_labels.tsv	/Users/j.harris/code/cruisin-usa/tools/ida/ida_label_import.py	5353	798	2413	773	0	480	5353	41	5353	1	0		0	0	0
2026-06-05T05:21:34.422391+00:00	/Users/j.harris/Downloads/carma/cruisin/crusnusa45_maindata_interleaved_bswap32.bin.lst	/Users/j.harris/code/cruisin-usa/tools/ida/log/romlst_labels.tsv	/Users/j.harris/code/cruisin-usa/tools/ida/ida_label_import.py	5353	798	2413	773	0	480	5353	41	5353	1	128		0	0	0
2026-06-05T18:45:12.222224+00:00	/Users/j.harris/Downloads/carma/cruisin/crusnusa45_maindata_interleaved_bswap32.bin.lst	/Users/j.harris/code/cruisin-usa/tools/ida/log/romlst_labels.tsv	/Users/j.harris/code/cruisin-usa/tools/ida/ida_label_import.py	5353	798	2413	773	0	480	5353	41	5353	1	0		0	0	0
2026-06-05T19:30:11.044678+00:00	/Users/j.harris/Downloads/carma/cruisin/crusnusa45_maindata_interleaved_bswap32.bin.lst	/Users/j.harris/code/cruisin-usa/tools/ida/log/romlst_labels.tsv	/Users/j.harris/code/cruisin-usa/tools/ida/ida_label_import.py	5402	798	2462	773	0	480	5402	41	5402	1	0		0	0	0
2026-06-05T19:32:37.748232+00:00	/Users/j.harris/Downloads/carma/cruisin/crusnusa45_maindata_interleaved_bswap32.bin.lst	/Users/j.harris/code/cruisin-usa/tools/ida/log/romlst_labels.tsv	/Users/j.harris/code/cruisin-usa/tools/ida/ida_label_import.py	6239	794	3304	773	0	480	6239	57	5402	838	89		0	0	0
2026-06-05T20:06:12.223159+00:00	/Users/j.harris/Downloads/carma/cruisin/crusnusa45_maindata_interleaved_bswap32.bin.lst	/Users/j.harris/code/cruisin-usa/tools/ida/log/romlst_labels.tsv	/Users/j.harris/code/cruisin-usa/tools/ida/ida_label_import.py	6239	801	3259	771	0	480	6239	57	6239	1	25		0	0	0
2026-06-05T20:07:53.480389+00:00	/Users/j.harris/Downloads/carma/cruisin/crusnusa45_maindata_interleaved_bswap32.bin.lst	/Users/j.harris/code/cruisin-usa/tools/ida/log/romlst_labels.tsv	/Users/j.harris/code/cruisin-usa/tools/ida/ida_label_import.py	6235	801	3255	771	0	480	6235	57	6235	1	6		0	0	0
2026-06-05T20:13:27.172323+00:00	/Users/j.harris/Downloads/carma/cruisin/crusnusa45_maindata_interleaved_bswap32.bin.lst	/Users/j.harris/code/cruisin-usa/tools/ida/log/romlst_labels.tsv	/Users/j.harris/code/cruisin-usa/tools/ida/ida_label_import.py	6169	801	3189	771	0	480	6169	57	6150	20	6		0	0	0
2026-06-05T20:14:21.421875+00:00	/Users/j.harris/Downloads/carma/cruisin/crusnusa45_maindata_interleaved_bswap32.bin.lst	/Users/j.harris/code/cruisin-usa/tools/ida/log/romlst_labels.tsv	/Users/j.harris/code/cruisin-usa/tools/ida/ida_label_import.py	5410	797	2471	773	0	480	5410	41	5353	58	12		0	0	0
2026-06-05T20:47:01.633160+00:00	/Users/j.harris/Downloads/carma/cruisin/crusnusa45_maindata_interleaved_bswap32.bin.lst	/Users/j.harris/code/cruisin-usa/tools/ida/log/romlst_labels.tsv	/Users/j.harris/code/cruisin-usa/tools/ida/ida_label_import.py	5864	796	2903	773	0	480	5864	41	5353	512	142		0	0	0
2026-06-05T20:59:39.583131+00:00	/Users/j.harris/Downloads/carma/cruisin/crusnusa45_maindata_interleaved_bswap32.bin.lst	/Users/j.harris/code/cruisin-usa/tools/ida/log/romlst_labels.tsv	/Users/j.harris/code/cruisin-usa/tools/ida/ida_label_import.py	5478	797	2539	773	0	480	5478	41	5353	126	12		0	0	0
2026-06-05T21:11:45.585094+00:00	/Users/j.harris/Downloads/carma/cruisin/crusnusa45_maindata_interleaved_bswap32.bin.lst	/Users/j.harris/code/cruisin-usa/tools/ida/log/romlst_labels.tsv	/Users/j.harris/code/cruisin-usa/tools/ida/ida_label_import.py	5401	834	2323	773	0	480	5401	50	5353	58	151		0	0	0
2026-06-05T21:14:28.938025+00:00	/Users/j.harris/Downloads/carma/cruisin/crusnusa45_maindata_interleaved_bswap32.bin.lst	/Users/j.harris/code/cruisin-usa/tools/ida/log/romlst_labels.tsv	/Users/j.harris/code/cruisin-usa/tools/ida/ida_label_import.py	5476	834	2398	773	0	480	5476	56	5353	138	153		0	0	0
2026-06-05T21:23:44.884881+00:00	/Users/j.harris/Downloads/carma/cruisin/crusnusa45_maindata_interleaved_bswap32.bin.lst	/Users/j.harris/code/cruisin-usa/tools/ida/log/romlst_labels.tsv	/Users/j.harris/code/cruisin-usa/tools/ida/ida_label_import.py	5473	834	2395	773	0	480	5473	56	5353	135	146		0	0	0
2026-06-05T22:05:27.758095+00:00	/Users/j.harris/Downloads/carma/cruisin/crusnusa45_maindata_interleaved_bswap32.bin.lst	/Users/j.harris/code/cruisin-usa/tools/ida/log/romlst_labels.tsv	/Users/j.harris/code/cruisin-usa/tools/ida/ida_label_import.py	5735	834	2657	773	0	480	5735	73	5353	388	13		0	0	0
2026-06-05T23:20:33.514296+00:00	/Users/j.harris/Downloads/carma/cruisin/crusnusa45_maindata_interleaved_bswap32.bin.lst	/Users/j.harris/code/cruisin-usa/tools/ida/log/romlst_labels.tsv	/Users/j.harris/code/cruisin-usa/tools/ida/ida_label_import.py	5735	832	2677	773	0	480	5735	73	5735	1	40		0	0	0
2026-06-05T23:24:28.920406+00:00	/Users/j.harris/Downloads/carma/cruisin/crusnusa45_maindata_interleaved_bswap32.bin.lst	/Users/j.harris/code/cruisin-usa/tools/ida/log/romlst_labels.tsv	/Users/j.harris/code/cruisin-usa/tools/ida/ida_label_import.py	5735	832	2677	773	0	480	5735	73	5353	388	47		0	0	0
2026-06-05T23:30:36.345083+00:00	/Users/j.harris/Downloads/carma/cruisin/crusnusa45_maindata_interleaved_bswap32.bin.lst	/Users/j.harris/code/cruisin-usa/tools/ida/log/romlst_labels.tsv	/Users/j.harris/code/cruisin-usa/tools/ida/ida_label_import.py	5735	834	2657	773	0	480	5735	73	5353	388	13		0	0	0
2026-06-05T23:36:07.583037+00:00	/Users/j.harris/Downloads/carma/cruisin/crusnusa45_maindata_interleaved_bswap32.bin.lst	/Users/j.harris/code/cruisin-usa/tools/ida/log/romlst_labels.tsv	/Users/j.harris/code/cruisin-usa/tools/ida/ida_label_import.py	5735	832	2677	773	0	480	5735	73	5353	388	47		0	0	0
2026-06-07T18:58:56.927115+00:00	/Users/j.harris/Downloads/carma/cruisin/crusnusa45_maindata_interleaved_bswap32.bin.lst	/Users/j.harris/code/cruisin-usa/tools/ida/log/romlst_labels.tsv	/Users/j.harris/code/cruisin-usa/tools/ida/ida_label_import.py	5353	0	5353	0	0	0	5353	0	5353	0	0		0	0	0
2026-06-07T19:02:19.841029+00:00	/Users/j.harris/Downloads/carma/cruisin/crusnusa45_maindata_interleaved_bswap32.bin.lst	/Users/j.harris/code/cruisin-usa/tools/ida/log/romlst_labels.tsv	/Users/j.harris/code/cruisin-usa/tools/ida/ida_label_import.py	5760	832	2702	773	0	480	5760	75	5353	413	48		0	0	0
2026-06-07T19:07:49.379602+00:00	/Users/j.harris/Downloads/carma/cruisin/crusnusa45_maindata_interleaved_bswap32.bin.lst	/Users/j.harris/code/cruisin-usa/tools/ida/log/romlst_labels.tsv	/Users/j.harris/code/cruisin-usa/tools/ida/ida_label_import.py	5760	832	2702	773	0	480	5760	75	5760	1	6		0	0	0
2026-06-07T19:55:55.769564+00:00	/Users/j.harris/Downloads/carma/cruisin/crusnusa45_maindata_interleaved_bswap32.bin.lst	/Users/j.harris/code/cruisin-usa/tools/ida/log/romlst_labels.tsv	/Users/j.harris/code/cruisin-usa/tools/ida/ida_label_import.py	5760	832	2702	773	0	480	5760	75	5353	413	48		0	0	0
2026-06-07T20:17:16.851437+00:00	/Users/j.harris/Downloads/carma/cruisin/crusnusa45_maindata_interleaved_bswap32.bin.lst	/Users/j.harris/code/cruisin-usa/tools/ida/log/romlst_labels.tsv	/Users/j.harris/code/cruisin-usa/tools/ida/ida_label_import.py	6199	828	3146	773	0	480	6199	135	5353	861	59		0	0	0
2026-06-07T21:34:03.711179+00:00	/Users/j.harris/Downloads/carma/cruisin/crusnusa45_maindata_interleaved_bswap32.bin.lst	/Users/j.harris/code/cruisin-usa/tools/ida/log/romlst_labels.tsv	/Users/j.harris/code/cruisin-usa/tools/ida/ida_label_import.py	6295	828	3243	775	2	480	6295	429	6199	393	85		0	0	0
