address	comment
0x00000068	LDP @SYSCNTLR
0x0000006A	SETDP
0x0000006C	LDP @_CAMERARAD+Y
0x0000006E	SETDP
0x0000007F	SETDP
0x00000082	SETDP
0x00000085	SETDP
0x00000088	SETDP
0x0000008C	LDP @SYSCNTLR
0x0000008E	SETDP
0x00000092	SETDP
0x000000EE	RS
0x00000143	LS
0x00000164	RS
0x000001A3	LS
0x000001C0	INC
0x000001C4	INC
0x00000225	LS
0x0000024B	RS
0x000002A1	LDP @FIFO_STATUS
0x0000044D	LDIL
0x0000044E	LDIL
0x0000044F	LDIL
0x00000454	LDP @FIFO_STATUS
0x000004A4	LDP @FIFO_STATUS
0x00000516	LDP @FIFO_STATUS
0x00000539	RS
0x00000558	LDP @FIFO_STATUS
0x00000581	RS
0x000005A1	LDIL
0x000005A2	LDIL
0x000005A3	LDIL
0x000005A5	LS
0x000005AC	RS
0x000005B0	RS
0x000005DE	CLRI
0x0000065F	LDL
0x00000660	LDIL
0x00000661	LDIL
0x00000662	LDIL
0x00000664	DEC
0x00000670	LDIL
0x00000671	LDIL
0x00000672	LDIL
0x00000679	LDP @FASTSTKI
0x0000067C	FIFO_CLRP
0x0000067D	FIFO_CLRP
0x0000067E	FIFO_CLRP
0x0000067F	FIFO_CLRP
0x00000680	FIFO_CLRP
0x00000681	DMA_WT
0x00000682	DMA_WT
0x00000683	DMA_WT
0x00000684	DMA_WT
0x00000685	DMA_WT
0x00000689	SETAUD
0x0000068A	SETAUD
0x00000692	LDL
0x00000694	CLRI
0x00000696	CLRI
0x0000069A	CLRI
0x0000069E	LDL
0x000006A4	LDL
0x000006A9	TEXTIT
0x000006AA	TEXTIT
0x000006AB	TEXTIT
0x000006AC	TEXTIT
0x000006B6	LDL
0x000006B8	LDIL
0x000006B9	LDIL
0x000006BA	LDIL
0x000006BF	LDIL
0x000006C0	LDIL
0x000006C1	LDIL
0x000006C6	LDIL
0x000006C7	LDIL
0x000006C8	LDIL
0x000006CD	LDIL
0x000006CE	LDIL
0x000006CF	LDIL
0x000006D7	CLRI
0x000006E3	CLRI
0x000006EE	CLRI
0x000006F1	LS
0x000006F6	LS
0x000006F7	LS
0x000006FD	CLRI
0x00000701	LS
0x00000704	CLRI
0x0000070B	CLRI
0x00000710	CLRI
0x0000071A	INC
0x0000071C	INC
0x0000071E	INC
0x0000072C	IWINDOW
0x0000072D	IWINDOW
0x0000072E	IWINDOW
0x0000072F	IWINDOW
0x00000730	IWINDOW
0x00000731	IWINDOW
0x00000732	IWINDOW
0x00000733	IWINDOW
0x00000734	IWINDOW
0x00000735	IWINDOW
0x00000736	IWINDOW
0x00000737	IWINDOW
0x00000738	IWINDOW
0x00000739	IWINDOW
0x0000073A	IWINDOW
0x0000073B	GROUP
0x0000073C	GROUP
0x0000073D	GROUP
0x0000073E	GROUP
0x0000073F	GROUP
0x00000740	GROUP
0x00000741	GROUP
0x00000742	GROUP
0x00000743	GROUP
0x00000744	GROUP
0x00000745	GROUP
0x00000746	GROUP
0x00000747	GROUP
0x00000748	GROUP
0x00000749	GROUP
0x0000074A	GROUP
0x0000074B	GROUP
0x0000074C	GROUP
0x0000074D	GROUP
0x0000074E	GROUP
0x0000074F	GROUP
0x00000750	GROUP
0x00000751	GROUP
0x00000752	GROUP
0x00000753	GROUP
0x00000754	GROUP
0x00000755	GROUP
0x00000756	GROUP
0x00000757	GROUP
0x00000758	GROUP
0x00000759	GROUP
0x0000075A	GROUP
0x0000075B	GROUP
0x0000075C	GROUP
0x0000075D	GROUP
0x0000075E	GROUP
0x0000075F	GROUP
0x00000760	GROUP
0x00000761	GROUP
0x00000762	GROUP
0x00000763	GROUP
0x00000764	GROUP
0x00000765	GROUP
0x00000766	GROUP
0x00000767	GROUP
0x00000768	GROUP
0x00000769	GROUP
0x0000076A	GROUP
0x0000076B	GROUP
0x0000076C	GROUP
0x0000076D	GROUP
0x0000076E	GROUP
0x0000076F	GROUP
0x00000770	GROUP
0x00000771	GROUP
0x00000772	GROUP
0x00000773	GROUP
0x00000774	GROUP
0x00000775	GROUP
0x00000776	GROUP
0x00000777	GROUP
0x00000778	GROUP
0x00000779	GROUP
0x0000077A	GROUP
0x0000077B	GROUP
0x0000077C	GROUP
0x0000077D	GROUP
0x0000077E	GROUP
0x0000077F	GROUP
0x00000780	GROUP
0x00000781	GROUP
0x00000782	GROUP
0x00000783	GROUP
0x00000784	GROUP
0x00000785	GROUP
0x00000786	GROUP
0x00000787	GROUP
0x00000788	GROUP
0x00000789	GROUP
0x0000078A	GROUP
0x0000078B	GROUP
0x0000078C	GROUP
0x0000078D	GROUP
0x0000078E	GROUP
0x0000078F	GROUP
0x00000790	GROUP
0x00000791	GROUP
0x00000792	GROUP
0x00000793	GROUP
0x00000794	GROUP
0x00000795	GROUP
0x00000796	GROUP
0x00000797	GROUP
0x00000798	GROUP
0x00000799	GROUP
0x0000079A	GROUP
0x0000079B	GROUP
0x0000079C	GROUP
0x0000079D	GROUP
0x0000079E	GROUP
0x0000079F	GROUP
0x000007A0	GROUP
0x000007A1	GROUP
0x000007A2	GROUP
0x000007A3	GROUP
0x000007A4	GROUP
0x000007A5	GROUP
0x000007A6	GROUP
0x000007A7	GROUP
0x000007A8	GROUP
0x000007A9	GROUP
0x000007AA	GROUP
0x000007AB	GROUP
0x000007AC	GROUP
0x000007AD	GROUP
0x000007AE	GROUP
0x000007AF	GROUP
0x000007B0	GROUP
0x000007B1	GROUP
0x000007B2	GROUP
0x000007B3	GROUP
0x000007B4	GROUP
0x000007B5	GROUP
0x000007B6	GROUP
0x000007B7	GROUP
0x000007B8	GROUP
0x000007B9	GROUP
0x000007BA	GROUP
0x000007BB	GROUP
0x000007BC	GROUP
0x000007BD	GROUP
0x000007BE	GROUP
0x000007BF	GROUP
0x000007C0	GROUP
0x000007C1	GROUP
0x000007C2	GROUP
0x000007C3	GROUP
0x000007C4	GROUP
0x000007C5	GROUP
0x000007C6	GROUP
0x000007C7	GROUP
0x000007C8	GROUP
0x000007C9	GROUP
0x000007CA	GROUP
0x000007CC	TEXTITT
0x000007CD	TEXTITT
0x000007CE	TEXTITT
0x000007CF	TEXTITT
0x000007D0	TEXTITT
0x000007D1	TEXTITT
0x000007D2	TEXTITT
0x000007D3	TEXTITT
0x000007D4	TEXTITT
0x000007D5	TEXTITT
0x000007D6	TEXTITT
0x000007D7	TEXTITT
0x000007D8	TEXTITT
0x000007D9	TEXTITT
0x000007DA	TEXTITT
0x000007DB	TEXTITT
0x000007DC	TEXTITT
0x000007DD	TEXTITT
0x000007DE	TEXTITT
0x000007DF	TEXTITT
0x000007E0	TEXTITT
0x000007E1	TEXTITT
0x000007E2	TEXTITT
0x000007E3	TEXTITT
0x000007E4	TEXTITT
0x000007E5	TEXTITT
0x000007E6	TEXTITT
0x000007E7	TEXTITT
0x000007E8	TEXTITT
0x000007E9	TEXTITT
0x000007EA	TEXTITT
0x000007EB	TEXTITT
0x000007EC	TEXTITT
0x000007ED	TEXTITT
0x000007EE	TEXTITT
0x000007EF	TEXTITT
0x000007F0	TEXTITT
0x000007F1	TEXTITT
0x000007F2	TEXTITT
0x000007F3	TEXTITT
0x000007F4	TEXTITT
0x000007F5	TEXTITT
0x000007F6	TEXTITT
0x000007F7	TEXTITT
0x000007F8	TEXTITT
0x000007F9	TEXTITT
0x000007FA	TEXTITT
0x000007FB	TEXTITT
0x000007FC	TEXTITT
0x000007FD	TEXTITT
0x000007FE	TEXTITT
0x000007FF	TEXTITT
0x00000800	TEXTITT
0x00000801	TEXTITT
0x00000802	TEXTITT
0x00000803	TEXTITT
0x00000804	TEXTITT
0x00000805	TEXTITT
0x00000806	TEXTITT
0x00000807	TEXTITT
0x00000808	TEXTITT
0x00000809	TEXTITT
0x0000080A	TEXTITT
0x0000080B	TEXTITT
0x0000080C	TEXTITT
0x0000080D	TEXTITT
0x0000080E	TEXTITT
0x0000080F	TEXTITT
0x00000810	TEXTITT
0x00000811	TEXTITT
0x00000812	TEXTITT
0x00000813	TEXTITT
0x00000814	TEXTITT
0x00000815	TEXTITT
0x00000816	TEXTITT
0x00000817	TEXTITT
0x00000818	IWINDOW
0x00000819	IWINDOW
0x0000081A	IWINDOW
0x0000081B	IWINDOW
0x0000081C	IWINDOW
0x00000820	TEXTITT
0x00000821	TEXTITT
0x00000822	TEXTITT
0x00000823	TEXTITT
0x00000824	TEXTITT
0x00000825	TEXTITT
0x00000826	TEXTITT
0x00000827	TEXTITT
0x00000828	TEXTITT
0x00000829	TEXTITT
0x0000082A	TEXTITT
0x0000082B	TEXTITT
0x0000082C	READADJ
0x0000082D	READADJ
0x00000835	READADJ
0x00000836	READADJ
0x0000083E	READADJ
0x0000083F	READADJ
0x00000847	READADJ
0x00000848	READADJ
0x00000850	READADJ
0x00000851	READADJ
0x00000859	READADJ
0x0000085A	READADJ
0x00000862	READADJ
0x00000863	READADJ
0x0000088A	RS
0x00000890	CLRI
0x00000892	CLRI
0x0000089B	FILL
0x0000089C	FILL
0x0000089D	FILL
0x0000089E	FILL
0x0000089F	FILL
0x000008A0	FILL
0x000008A1	FILL
0x000008A2	FILL
0x000008A3	FILL
0x000008A4	FILL
0x000008A5	FILL
0x000008A6	FILL
0x000008C0	TEXTITT
0x000008C1	TEXTITT
0x000008C2	TEXTITT
0x000008C3	TEXTITT
0x000008C4	TEXTITT
0x000008C5	TEXTITT
0x000008C6	TEXTITT
0x000008C7	TEXTITT
0x000008C8	TEXTITT
0x000008C9	TEXTITT
0x000008CA	TEXTITT
0x000008CB	TEXTITT
0x000008CC	TEXTITT
0x000008CD	TEXTITT
0x000008CE	TEXTITT
0x000008CF	TEXTITT
0x000008D2	FILL
0x000008D3	FILL
0x000008D4	FILL
0x000008D5	FILL
0x000008D6	FILL
0x000008D7	FILL
0x000008DD	FILL
0x000008DE	FILL
0x000008DF	FILL
0x000008E0	FILL
0x000008E1	FILL
0x000008E2	FILL
0x000008E6	FILL
0x000008E7	FILL
0x000008E8	FILL
0x000008E9	FILL
0x000008EA	FILL
0x000008EB	FILL
0x000008EF	FILL
0x000008F0	FILL
0x000008F1	FILL
0x000008F2	FILL
0x000008F3	FILL
0x000008F4	FILL
0x000008F8	FILL
0x000008F9	FILL
0x000008FA	FILL
0x000008FB	FILL
0x000008FC	FILL
0x000008FD	FILL
0x00000903	FILL
0x00000904	FILL
0x00000905	FILL
0x00000906	FILL
0x00000907	FILL
0x00000908	FILL
0x00000914	FILL
0x00000915	FILL
0x00000916	FILL
0x00000917	FILL
0x00000918	FILL
0x00000919	FILL
0x00000925	FILL
0x00000926	FILL
0x00000927	FILL
0x00000928	FILL
0x00000929	FILL
0x0000092A	FILL
0x0000092B	LDPI
0x0000092C	LDPI
0x00000935	TEXTITT
0x00000936	TEXTITT
0x00000937	TEXTITT
0x00000938	TEXTITT
0x0000094E	LDL
0x00000955	LS
0x00000956	INC
0x0000095F	TEXTITT
0x00000960	TEXTITT
0x00000961	TEXTITT
0x00000962	TEXTITT
0x00000963	GROUP
0x00000964	GROUP
0x00000965	GROUP
0x00000966	GROUP
0x00000967	GROUP
0x00000968	GROUP
0x00000969	GROUP
0x0000096A	GROUP
0x0000096B	GROUP
0x0000096C	GROUP
0x0000096D	GROUP
0x0000096E	GROUP
0x0000096F	GROUP
0x00000970	GROUP
0x00000971	GROUP
0x00000972	GROUP
0x00000973	GROUP
0x00000974	GROUP
0x00000975	GROUP
0x00000976	GROUP
0x00000977	GROUP
0x00000978	GROUP
0x00000979	GROUP
0x0000097A	GROUP
0x0000097B	GROUP
0x0000097C	GROUP
0x0000097D	GROUP
0x0000097E	GROUP
0x0000097F	GROUP
0x00000980	GROUP
0x00000981	GROUP
0x00000982	GROUP
0x00000983	GROUP
0x00000984	GROUP
0x00000985	GROUP
0x00000986	GROUP
0x00000987	GROUP
0x00000988	GROUP
0x00000989	GROUP
0x0000098A	GROUP
0x0000098B	GROUP
0x0000098C	GROUP
0x0000098D	GROUP
0x0000098E	GROUP
0x0000098F	GROUP
0x00000990	GROUP
0x00000991	GROUP
0x00000992	GROUP
0x00000993	FILL
0x00000994	FILL
0x00000995	FILL
0x00000996	FILL
0x00000997	FILL
0x00000998	FILL
0x0000099B	CLRI
0x0000099C	LDP @DIPSW
0x0000099F	SETDP
0x000009A0	RS
0x000009BF	TEXTITT
0x000009C0	TEXTITT
0x000009C1	TEXTITT
0x000009C2	TEXTITT
0x000009C3	GROUP
0x000009C4	GROUP
0x000009C5	GROUP
0x000009C6	GROUP
0x000009C7	GROUP
0x000009C8	GROUP
0x000009C9	GROUP
0x000009CA	GROUP
0x000009CB	GROUP
0x000009CC	GROUP
0x000009CD	GROUP
0x000009CE	GROUP
0x000009CF	GROUP
0x000009D0	GROUP
0x000009D1	GROUP
0x000009D2	GROUP
0x000009D3	GROUP
0x000009D4	GROUP
0x000009D5	GROUP
0x000009D6	GROUP
0x000009D7	GROUP
0x000009D8	GROUP
0x000009D9	GROUP
0x000009DA	GROUP
0x000009DB	GROUP
0x000009DC	GROUP
0x000009DD	GROUP
0x000009DE	GROUP
0x000009DF	GROUP
0x000009E0	GROUP
0x000009E1	GROUP
0x000009E2	GROUP
0x000009E3	GROUP
0x000009E4	GROUP
0x000009E5	GROUP
0x000009E6	GROUP
0x000009E7	GROUP
0x000009E8	GROUP
0x000009E9	GROUP
0x000009EA	GROUP
0x000009EB	GROUP
0x000009EC	GROUP
0x000009ED	GROUP
0x000009EE	GROUP
0x000009EF	GROUP
0x000009F0	GROUP
0x000009F1	GROUP
0x000009F2	GROUP
0x000009F3	FILL
0x000009F4	FILL
0x000009F5	FILL
0x000009F6	FILL
0x000009F7	FILL
0x000009F8	FILL
0x000009FB	CLRI
0x000009FC	LDP @DIPSW
0x000009FF	SETDP
0x00000A00	RS
0x00000A02	LINE
0x00000A03	LINE
0x00000A04	LINE
0x00000A05	LINE
0x00000A06	LINE
0x00000A07	LINE
0x00000A36	LDL
0x00000A3B	LDL
0x00000A46	LDL
0x00000A4C	LDL
0x00000A51	CLRI
0x00000A58	TEXTIT
0x00000A59	TEXTIT
0x00000A5A	TEXTIT
0x00000A5B	TEXTIT
0x00000A5C	TEXTIT
0x00000A5D	TEXTIT
0x00000A5E	TEXTIT
0x00000A5F	TEXTIT
0x00000A60	TEXTIT
0x00000A61	TEXTIT
0x00000A62	TEXTIT
0x00000A63	TEXTIT
0x00000A6A	IWINDOW
0x00000A6B	IWINDOW
0x00000A6C	IWINDOW
0x00000A6D	IWINDOW
0x00000A6E	IWINDOW
0x00000A82	DEC
0x00000A8C	INC
0x00000A93	LDL
0x00000AA7	DEC
0x00000AB0	DEC
0x00000AEB	LDIL
0x00000AEC	LDIL
0x00000AED	LDIL
0x00000B03	CLRI
0x00000B04	CLRI
0x00000B06	TEXTITT
0x00000B07	TEXTITT
0x00000B08	TEXTITT
0x00000B09	TEXTITT
0x00000B0A	TEXTITT
0x00000B0B	TEXTITT
0x00000B0C	TEXTITT
0x00000B0D	TEXTITT
0x00000B0E	TEXTITT
0x00000B0F	TEXTITT
0x00000B10	TEXTITT
0x00000B11	TEXTITT
0x00000B12	TEXTITT
0x00000B13	TEXTITT
0x00000B14	TEXTITT
0x00000B15	TEXTITT
0x00000B16	LDL
0x00000B17	LDL
0x00000B1D	FILL
0x00000B1E	FILL
0x00000B1F	FILL
0x00000B20	FILL
0x00000B21	FILL
0x00000B22	FILL
0x00000B24	TEXTITT
0x00000B25	TEXTITT
0x00000B26	TEXTITT
0x00000B27	TEXTITT
0x00000B31	FILL
0x00000B32	FILL
0x00000B33	FILL
0x00000B34	FILL
0x00000B35	FILL
0x00000B36	FILL
0x00000B38	TEXTITT
0x00000B39	TEXTITT
0x00000B3A	TEXTITT
0x00000B3B	TEXTITT
0x00000B51	LDL
0x00000B5D	LDL
0x00000B67	TEXTITT
0x00000B68	TEXTITT
0x00000B69	TEXTITT
0x00000B6A	TEXTITT
0x00000B6B	TEXTITT
0x00000B6C	TEXTITT
0x00000B6D	TEXTITT
0x00000B6E	TEXTITT
0x00000B6F	CLRI
0x00000B71	INC
0x00000B7A	TEXTITT
0x00000B7B	TEXTITT
0x00000B7C	TEXTITT
0x00000B7D	TEXTITT
0x00000B82	TEXTITT
0x00000B83	TEXTITT
0x00000B84	TEXTITT
0x00000B85	TEXTITT
0x00000B86	CLRI
0x00000B88	INC
0x00000B90	TEXTITT
0x00000B91	TEXTITT
0x00000B92	TEXTITT
0x00000B93	TEXTITT
0x00000B97	CLRI
0x00000B9B	READAUD
0x00000B9C	READAUD
0x00000BA2	SETADJ
0x00000BA3	SETADJ
0x00000BA6	SOFTWTM
0x00000BA7	SOFTWTM
0x00000BA8	SOFTWTM
0x00000BA9	SOFTWTM
0x00000BAA	DINT
0x00000BAB	DINT
0x00000BAC	DINT
0x00000BAD	DINT
0x00000BAE	DINT
0x00000BAF	DINT
0x00000BB0	LDP @FASTSTKI
0x00000BB4	LDP @SWITCH1
0x00000BB6	SETDP
0x00000BEA	IWINDOW
0x00000BEB	IWINDOW
0x00000BEC	IWINDOW
0x00000BED	IWINDOW
0x00000BEE	IWINDOW
0x00000BEF	IWINDOW
0x00000BF0	IWINDOW
0x00000BF1	IWINDOW
0x00000BF2	IWINDOW
0x00000BF3	IWINDOW
0x00000BFC	FILL
0x00000BFD	FILL
0x00000BFE	FILL
0x00000BFF	FILL
0x00000C00	FILL
0x00000C01	FILL
0x00000C02	FILL
0x00000C03	FILL
0x00000C04	FILL
0x00000C05	FILL
0x00000C06	FILL
0x00000C07	FILL
0x00000C08	FILL
0x00000C09	FILL
0x00000C0A	FILL
0x00000C0B	FILL
0x00000C0C	FILL
0x00000C0D	FILL
0x00000C27	TEXTITT
0x00000C28	TEXTITT
0x00000C29	TEXTITT
0x00000C2A	TEXTITT
0x00000C2B	TEXTITT
0x00000C2C	TEXTITT
0x00000C2D	TEXTITT
0x00000C2E	TEXTITT
0x00000C2F	TEXTITT
0x00000C30	TEXTITT
0x00000C31	TEXTITT
0x00000C32	TEXTITT
0x00000C33	TEXTITT
0x00000C34	TEXTITT
0x00000C35	TEXTITT
0x00000C36	TEXTITT
0x00000C37	TEXTITT
0x00000C38	TEXTITT
0x00000C39	TEXTITT
0x00000C3A	TEXTITT
0x00000C3B	TEXTITT
0x00000C3C	TEXTITT
0x00000C3D	TEXTITT
0x00000C3E	TEXTITT
0x00000C3F	TEXTITT
0x00000C40	TEXTITT
0x00000C41	TEXTITT
0x00000C42	TEXTITT
0x00000C43	TEXTITT
0x00000C44	TEXTITT
0x00000C45	TEXTITT
0x00000C46	TEXTITT
0x00000C47	TEXTITT
0x00000C48	TEXTITT
0x00000C49	TEXTITT
0x00000C4A	TEXTITT
0x00000C4B	TEXTITT
0x00000C4C	TEXTITT
0x00000C4D	TEXTITT
0x00000C4E	TEXTITT
0x00000C4F	TEXTITT
0x00000C50	TEXTITT
0x00000C51	TEXTITT
0x00000C52	TEXTITT
0x00000C53	TEXTITT
0x00000C54	TEXTITT
0x00000C55	TEXTITT
0x00000C56	TEXTITT
0x00000C8E	READADJ
0x00000C8F	READADJ
0x00000CC2	TEXTIT
0x00000CC3	TEXTIT
0x00000CC4	TEXTIT
0x00000CC5	TEXTIT
0x00000CC6	TEXTITT
0x00000CC7	TEXTITT
0x00000CC8	TEXTITT
0x00000CC9	TEXTITT
0x00000CCA	TEXTITT
0x00000CCB	TEXTITT
0x00000CCC	TEXTITT
0x00000CCD	TEXTITT
0x00000CD2	SETADJ
0x00000CD3	SETADJ
0x00000CD5	SETADJ
0x00000CD6	SETADJ
0x00000CD8	SETADJ
0x00000CD9	SETADJ
0x00000CDC	TEXTIT
0x00000CDD	TEXTIT
0x00000CDE	TEXTIT
0x00000CDF	TEXTIT
0x00000CE0	TEXTITT
0x00000CE1	TEXTITT
0x00000CE2	TEXTITT
0x00000CE3	TEXTITT
0x00000CE8	SETADJ
0x00000CE9	SETADJ
0x00000CEC	TEXTIT
0x00000CED	TEXTIT
0x00000CEE	TEXTIT
0x00000CEF	TEXTIT
0x00000CF0	TEXTITT
0x00000CF1	TEXTITT
0x00000CF2	TEXTITT
0x00000CF3	TEXTITT
0x00000CF8	SETADJ
0x00000CF9	SETADJ
0x00000CFC	TEXTIT
0x00000CFD	TEXTIT
0x00000CFE	TEXTIT
0x00000CFF	TEXTIT
0x00000D00	TEXTITT
0x00000D01	TEXTITT
0x00000D02	TEXTITT
0x00000D03	TEXTITT
0x00000D08	SETADJ
0x00000D09	SETADJ
0x00000D0F	TEXTIT
0x00000D10	TEXTIT
0x00000D11	TEXTIT
0x00000D12	TEXTIT
0x00000D13	TEXTITT
0x00000D14	TEXTITT
0x00000D15	TEXTITT
0x00000D16	TEXTITT
0x00000D1B	SETADJ
0x00000D1C	SETADJ
0x00000D20	GROUP
0x00000D21	GROUP
0x00000D22	GROUP
0x00000D23	GROUP
0x00000D24	GROUP
0x00000D25	GROUP
0x00000D26	GROUP
0x00000D27	GROUP
0x00000D28	GROUP
0x00000D29	GROUP
0x00000D2A	GROUP
0x00000D2B	GROUP
0x00000D2C	GROUP
0x00000D2D	GROUP
0x00000D2E	GROUP
0x00000D2F	GROUP
0x00000D30	GROUP
0x00000D31	GROUP
0x00000D32	GROUP
0x00000D33	GROUP
0x00000D34	GROUP
0x00000D35	GROUP
0x00000D36	GROUP
0x00000D37	GROUP
0x00000D38	GROUP
0x00000D39	GROUP
0x00000D3A	GROUP
0x00000D3B	GROUP
0x00000D3C	GROUP
0x00000D3D	GROUP
0x00000D3E	GROUP
0x00000D3F	GROUP
0x00000D40	GROUP
0x00000D41	GROUP
0x00000D42	GROUP
0x00000D43	GROUP
0x00000D44	GROUP
0x00000D45	GROUP
0x00000D46	GROUP
0x00000D47	GROUP
0x00000D48	GROUP
0x00000D49	GROUP
0x00000D4A	GROUP
0x00000D4B	GROUP
0x00000D4C	GROUP
0x00000D4D	GROUP
0x00000D4E	GROUP
0x00000D4F	GROUP
0x00000D50	IWINDOW
0x00000D51	IWINDOW
0x00000D52	IWINDOW
0x00000D53	IWINDOW
0x00000D54	IWINDOW
0x00000D56	TEXTITT
0x00000D57	TEXTITT
0x00000D58	TEXTITT
0x00000D59	TEXTITT
0x00000D5A	IWINDOW
0x00000D5B	IWINDOW
0x00000D5C	IWINDOW
0x00000D5D	IWINDOW
0x00000D5E	IWINDOW
0x00000D5F	FILL
0x00000D60	FILL
0x00000D61	FILL
0x00000D62	FILL
0x00000D63	FILL
0x00000D64	FILL
0x00000D66	TEXTITT
0x00000D67	TEXTITT
0x00000D68	TEXTITT
0x00000D69	TEXTITT
0x00000D6A	TEXTITT
0x00000D6B	TEXTITT
0x00000D6C	TEXTITT
0x00000D6D	TEXTITT
0x00000D6E	TEXTITT
0x00000D6F	TEXTITT
0x00000D70	TEXTITT
0x00000D71	TEXTITT
0x00000D72	TEXTITT
0x00000D73	TEXTITT
0x00000D74	TEXTITT
0x00000D75	TEXTITT
0x00000D76	TEXTITT
0x00000D77	TEXTITT
0x00000D78	TEXTITT
0x00000D79	TEXTITT
0x00000D7A	READADJ
0x00000D7B	READADJ
0x00000D7D	READAUD
0x00000D7E	READAUD
0x00000D82	SOND1
0x00000D83	SOND1
0x00000D84	SOND1
0x00000D85	SOND1
0x00000D8C	LDPI
0x00000D94	SOND1
0x00000D95	SOND1
0x00000D9D	READAUD
0x00000D9E	READAUD
0x00000DA5	SETADJ
0x00000DA6	SETADJ
0x00000DAE	READAUD
0x00000DAF	READAUD
0x00000DB6	SETADJ
0x00000DB7	SETADJ
0x00000DC9	LDL
0x00000DCD	SETDP
0x00000DD1	CLRI
0x00000DD2	SETAUD
0x00000DD3	SETAUD
0x00000DD4	SETAUD
0x00000DD5	SETAUD
0x00000DDB	LDL
0x00000DDF	SETDP
0x00000E63	WINDOW
0x00000E64	WINDOW
0x00000E65	WINDOW
0x00000E66	WINDOW
0x00000E67	WINDOW
0x00000E68	IWINDOW
0x00000E69	IWINDOW
0x00000E6A	IWINDOW
0x00000E6B	IWINDOW
0x00000E6C	IWINDOW
0x00000E82	WAIT_MAC_NOREPEAT
0x00000E83	WAIT_MAC_NOREPEAT
0x00000E84	WAIT_MAC_NOREPEAT
0x00000E85	WAIT_MAC_NOREPEAT
0x00000E86	WINDOW
0x00000E87	WINDOW
0x00000E88	WINDOW
0x00000E89	WINDOW
0x00000E8A	WINDOW
0x00000E8B	IWINDOW
0x00000E8C	IWINDOW
0x00000E8D	IWINDOW
0x00000E8E	IWINDOW
0x00000E8F	IWINDOW
0x00000E99	TEXTITT
0x00000E9A	TEXTITT
0x00000E9B	TEXTITT
0x00000E9C	TEXTITT
0x00000E9D	TEXTITT
0x00000E9E	TEXTITT
0x00000E9F	TEXTITT
0x00000EA0	TEXTITT
0x00000EBC	SOND1
0x00000EBD	SOND1
0x00000EBE	WAIT_MAC_NOREPEAT
0x00000EBF	WAIT_MAC_NOREPEAT
0x00000EC0	WAIT_MAC_NOREPEAT
0x00000EC1	WAIT_MAC_NOREPEAT
0x00000EC5	CLRC
0x00000EC7	SETC
0x00000ECB	READAUD
0x00000ECC	READAUD
0x00000ED6	SETADJ
0x00000ED7	SETADJ
0x00000F62	WAIT_MAC_NOREPEAT
0x00000F63	WAIT_MAC_NOREPEAT
0x00000F64	WAIT_MAC_NOREPEAT
0x00000F65	WAIT_MAC_NOREPEAT
0x00000F6B	WINDOW
0x00000F6C	WINDOW
0x00000F6D	WINDOW
0x00000F6E	WINDOW
0x00000F6F	WINDOW
0x00000F70	IWINDOW
0x00000F71	IWINDOW
0x00000F72	IWINDOW
0x00000F73	IWINDOW
0x00000F74	IWINDOW
0x00000F7E	TEXTITT
0x00000F7F	TEXTITT
0x00000F80	TEXTITT
0x00000F81	TEXTITT
0x00000F82	TEXTITT
0x00000F83	TEXTITT
0x00000F84	TEXTITT
0x00000F85	TEXTITT
0x00000F86	TEXTITT
0x00000F87	TEXTITT
0x00000F88	TEXTITT
0x00000F89	TEXTITT
0x00000F95	FILL
0x00000F96	FILL
0x00000F97	FILL
0x00000F98	FILL
0x00000F99	FILL
0x00000F9A	FILL
0x00000FB1	DEC
0x00000FC4	LDL
0x00000FCA	LDL
0x00000FE3	LDL
0x00000FE7	READAUD
0x00000FE8	READAUD
0x00000FEA	LDL
0x0000107F	CLRI
0x00001080	CLRI
0x00001091	READADJ
0x00001092	READADJ
0x00001155	LDL
0x0000116C	LDP @BUTTON_STATUS
0x0000116E	SETDP
0x00001175	CLRI
0x00001176	LDP @991030h
0x00001179	SETDP
0x0000117A	RS
0x0000117B	LDL
0x00001189	IWINDOW
0x0000118A	IWINDOW
0x0000118B	IWINDOW
0x0000118C	IWINDOW
0x0000118D	IWINDOW
0x0000118F	TEXTITT
0x00001190	TEXTITT
0x00001191	TEXTITT
0x00001192	TEXTITT
0x000011B1	IWINDOW
0x000011B2	IWINDOW
0x000011B3	IWINDOW
0x000011B4	IWINDOW
0x000011B5	IWINDOW
0x000011B7	TEXTITT
0x000011B8	TEXTITT
0x000011B9	TEXTITT
0x000011BA	TEXTITT
0x000012DE	TEXTITT
0x000012DF	TEXTITT
0x000012E0	TEXTITT
0x000012E1	TEXTITT
0x000012E2	TEXTITT
0x000012E3	TEXTITT
0x000012E4	TEXTITT
0x000012E5	TEXTITT
0x000012E6	TEXTITT
0x000012E7	TEXTITT
0x000012E8	TEXTITT
0x000012E9	TEXTITT
0x000012EA	RECT
0x000012EB	RECT
0x000012EC	RECT
0x000012ED	RECT
0x000012EE	RECT
0x000012EF	RECT
0x000012F0	RECT
0x000012F1	RECT
0x000012F2	RECT
0x000012F3	RECT
0x000012F4	RECT
0x000012F5	RECT
0x000012F6	RECT
0x000012F7	RECT
0x000012F8	RECT
0x000012F9	RECT
0x000012FA	RECT
0x000012FB	RECT
0x000012FC	RECT
0x000012FD	RECT
0x000012FE	RECT
0x000012FF	RECT
0x00001300	RECT
0x00001301	RECT
0x00001303	TEXTITT
0x00001304	TEXTITT
0x00001305	TEXTITT
0x00001306	TEXTITT
0x00001307	TEXTITT
0x00001308	TEXTITT
0x00001309	TEXTITT
0x0000130A	TEXTITT
0x0000130B	TEXTITT
0x0000130C	TEXTITT
0x0000130D	TEXTITT
0x0000130E	TEXTITT
0x0000130F	RECTW
0x00001310	RECTW
0x00001311	RECTW
0x00001312	RECTW
0x00001313	RECTW
0x00001314	RECTW
0x00001315	RECTW
0x00001316	RECTW
0x00001317	RECTW
0x00001318	RECTW
0x00001319	RECTW
0x0000131A	RECTW
0x0000131B	RECTW
0x0000131C	RECTW
0x0000131D	RECTW
0x0000131E	RECTW
0x0000131F	RECTW
0x00001320	RECTW
0x00001321	RECTW
0x00001322	RECTW
0x00001323	RECTW
0x00001324	RECTW
0x00001325	RECTW
0x00001326	RECTW
0x00001327	RECTW
0x00001328	RECTW
0x00001329	RECTW
0x0000132A	RECTW
0x0000132B	RECTW
0x0000132C	RECTW
0x0000132D	RECTW
0x0000132E	RECTW
0x0000132F	RECTW
0x00001330	RECTW
0x00001331	RECTW
0x00001332	RECTW
0x00001333	RECTW
0x00001334	RECTW
0x00001335	RECTW
0x00001336	RECTW
0x00001337	RECTW
0x00001338	RECTW
0x00001339	RECTW
0x0000133A	RECTW
0x0000133B	RECTW
0x0000133C	RECTW
0x0000133D	RECTW
0x0000133E	RECTW
0x00001340	TEXTITT
0x00001341	TEXTITT
0x00001342	TEXTITT
0x00001343	TEXTITT
0x00001344	TEXTITT
0x00001345	TEXTITT
0x00001346	TEXTITT
0x00001347	TEXTITT
0x00001348	TEXTITT
0x00001349	TEXTITT
0x0000134A	TEXTITT
0x0000134B	TEXTITT
0x0000134C	RECT
0x0000134D	RECT
0x0000134E	RECT
0x0000134F	RECT
0x00001350	RECT
0x00001351	RECT
0x00001352	RECT
0x00001353	RECT
0x00001354	RECT
0x00001355	RECT
0x00001356	RECT
0x00001357	RECT
0x00001358	RECT
0x00001359	RECT
0x0000135A	RECT
0x0000135B	RECT
0x0000135C	RECT
0x0000135D	RECT
0x0000135F	TEXTITT
0x00001360	TEXTITT
0x00001361	TEXTITT
0x00001362	TEXTITT
0x00001363	TEXTITT
0x00001364	TEXTITT
0x00001365	TEXTITT
0x00001366	TEXTITT
0x00001367	TEXTITT
0x00001368	TEXTITT
0x00001369	TEXTITT
0x0000136A	TEXTITT
0x0000136B	TEXTITT
0x0000136C	TEXTITT
0x0000136D	TEXTITT
0x0000136E	TEXTITT
0x0000136F	IWINDOW
0x00001370	IWINDOW
0x00001371	IWINDOW
0x00001372	IWINDOW
0x00001373	IWINDOW
0x00001374	IWINDOW
0x00001375	IWINDOW
0x00001376	IWINDOW
0x00001377	IWINDOW
0x00001378	IWINDOW
0x0000137A	FILL
0x0000137B	FILL
0x0000137C	FILL
0x0000137D	FILL
0x0000137E	FILL
0x0000137F	FILL
0x00001380	FILL
0x00001381	FILL
0x00001382	FILL
0x00001383	FILL
0x00001384	FILL
0x00001385	FILL
0x00001386	FILL
0x00001387	FILL
0x00001388	FILL
0x00001389	FILL
0x0000138A	FILL
0x0000138B	FILL
0x0000138C	FILL
0x0000138D	FILL
0x0000138E	FILL
0x0000138F	FILL
0x00001390	FILL
0x00001391	FILL
0x00001392	FILL
0x00001393	FILL
0x00001394	FILL
0x00001395	FILL
0x00001396	FILL
0x00001397	FILL
0x00001398	FILL
0x00001399	FILL
0x0000139A	FILL
0x0000139B	FILL
0x0000139C	FILL
0x0000139D	FILL
0x0000139E	FILL
0x0000139F	FILL
0x000013A0	FILL
0x000013A1	FILL
0x000013A2	FILL
0x000013A3	FILL
0x000013A4	FILLW
0x000013A5	FILLW
0x000013A6	FILLW
0x000013A7	FILLW
0x000013A8	FILLW
0x000013A9	FILLW
0x000013AA	FILLW
0x000013AB	FILLW
0x000013AC	FILLW
0x000013AD	FILLW
0x000013AE	FILLW
0x000013AF	FILLW
0x000013B0	FILLW
0x000013B1	FILLW
0x000013B2	FILLW
0x000013B3	FILLW
0x000013B4	FILLW
0x000013B5	FILLW
0x000013B6	FILLW
0x000013B7	FILLW
0x000013B8	FILLW
0x000013B9	FILLW
0x000013BA	FILLW
0x000013BB	FILLW
0x000013BC	FILLW
0x000013BD	FILLW
0x000013BE	FILLW
0x000013BF	FILLW
0x000013C0	FILLW
0x000013C1	FILLW
0x000013C2	FILLW
0x000013C3	FILLW
0x000013C4	FILLW
0x000013C5	FILLW
0x000013C6	FILLW
0x000013C7	FILLW
0x000013C8	FILLW
0x000013C9	FILLW
0x000013CA	FILLW
0x000013CB	FILLW
0x000013CC	FILLW
0x000013CD	FILLW
0x000013CE	FILLW
0x000013CF	FILLW
0x000013D0	FILLW
0x000013D1	FILLW
0x000013D2	FILLW
0x000013D3	FILLW
0x000013D8	CLRI
0x000013D9	LDP @991030h
0x000013DC	SETDP
0x000013DD	RS
0x000013DE	LS
0x000013DF	RS
0x000013E4	CLRI
0x000013E5	LDP @991030h
0x000013E8	SETDP
0x000013EB	FILL
0x000013EC	FILL
0x000013ED	FILL
0x000013EE	FILL
0x000013EF	FILL
0x000013F0	FILL
0x000013F2	MSOFF
0x000013F3	MSOFF
0x000013F4	MSOFF
0x000013F5	MSOFF
0x000013F6	MSOFF
0x000013F7	MSOFF
0x000013F8	CLRI
0x000013F9	LDP @991030h
0x000013FC	SETDP
0x000013FD	RS
0x000013FE	LS
0x000013FF	RS
0x00001403	FILL
0x00001404	FILL
0x00001405	FILL
0x00001406	FILL
0x00001407	FILL
0x00001408	FILL
0x00001409	CLRI
0x0000140A	LDP @991030h
0x0000140D	SETDP
0x0000140E	RS
0x00001410	LDL
0x000014D1	CLRI
0x000014D3	TEXTITT
0x000014D4	TEXTITT
0x000014D5	TEXTITT
0x000014D6	TEXTITT
0x000014DA	TEXTITT
0x000014DB	TEXTITT
0x000014DC	TEXTITT
0x000014DD	TEXTITT
0x000014DF	KKLL
0x000014E0	KKLL
0x000014E1	KKLL
0x000014E2	KKLL
0x000014E3	KKLL
0x000014E4	KKLL
0x000014E5	KKLL
0x000014E6	KKLL
0x000014E7	KKLL
0x000014E8	KKLL
0x000014E9	KKLL
0x000014EA	KKLL
0x000014EB	KKLL
0x000014EC	KKLL
0x000014ED	KKLL
0x000014EE	KKLL
0x000014EF	KKLL
0x000014F0	KKLL
0x000014F1	KKLL
0x000014F2	KKLL
0x000014F3	KKLL
0x000014F4	KKLL
0x000014F5	KKLL
0x000014F6	KKLL
0x000014F7	LDL
0x000014F8	FILL
0x000014F9	FILL
0x000014FA	FILL
0x000014FB	FILL
0x000014FC	FILL
0x000014FD	FILL
0x00001508	RS
0x0000152E	RS
0x00001540	RS
0x00001853	LDP @_CAMERAPOS
0x00001857	SETDP
0x00001859	CLRI
0x00001864	CREATE
0x00001865	CREATE
0x00001866	CREATE
0x00001867	CREATE
0x00001868	CREATE
0x00001869	CREATE
0x0000186A	CREATE
0x0000186B	CREATE
0x0000186C	CREATE
0x0000186D	CREATEC
0x0000186E	CREATEC
0x0000186F	CREATEC
0x00001870	CREATE
0x00001871	CREATE
0x00001872	CREATE
0x00001876	CREATE
0x00001877	CREATE
0x00001878	CREATE
0x0000187A	CREATE
0x0000187B	CREATE
0x0000187C	CREATE
0x0000187E	CREATE
0x0000187F	CREATE
0x00001880	CREATE
0x00001882	CREATE
0x00001883	CREATE
0x00001884	CREATE
0x00001886	CREATE
0x00001887	CREATE
0x00001888	CREATE
0x0000188A	CREATE
0x0000188B	CREATE
0x0000188C	CREATE
0x0000188E	CREATE
0x0000188F	CREATE
0x00001890	CREATE
0x00001892	CREATE
0x00001893	CREATE
0x00001894	CREATE
0x0000189C	CREATE
0x0000189D	CREATE
0x0000189E	CREATE
0x000018B1	CLRI
0x000018B5	SOND1
0x000018B6	SOND1
0x000018B7	CREATEC
0x000018B8	CREATEC
0x000018B9	CREATEC
0x000018BF	ORM
0x000018C0	ORM
0x000018C1	ORM
0x000018C5	SLEEP
0x000018C6	SLEEP
0x000018C8	LDL
0x000018F1	LDL
0x00001920	JSRP
0x00001921	JSRP
0x00001922	JSRP
0x00001923	JSRP
0x00001924	JSRP
0x00001925	JSRP
0x00001927	CREATE
0x00001928	CREATE
0x00001929	CREATE
0x0000192A	CREATE
0x0000192B	CREATE
0x0000192C	CREATE
0x0000192D	CREATE
0x0000192E	CREATE
0x0000192F	CREATE
0x00001930	CREATE
0x00001931	CREATE
0x00001932	CREATE
0x00001933	CREATE
0x00001934	CREATE
0x00001935	CREATE
0x00001936	SLEEP
0x00001937	SLEEP
0x00001938	SLEEP
0x00001939	SLEEP
0x0000193E	RETP
0x0000193F	RETP
0x00001940	RETP
0x00001941	RETP
0x00001942	CLRI
0x0000194E	LDL
0x00001956	SLEEP
0x00001957	SLEEP
0x0000195C	DIE
0x0000195D	SOND1
0x0000195E	SOND1
0x00001967	SLEEP
0x00001968	SLEEP
0x0000196A	DIE
0x0000196B	CLRI
0x00001987	LDP @_CAMERAPOS
0x00001994	SETDP
0x000019B4	SLEEP
0x000019B5	SLEEP
0x000019D5	SONDFX
0x000019D6	SONDFX
0x000019E4	PUSHFL
0x000019E5	PUSHFL
0x000019EC	CLRF
0x000019EE	POPFL
0x000019EF	POPFL
0x000019F2	SONDFX
0x000019F3	SONDFX
0x00001A10	CLRF
0x00001A14	SLEEP
0x00001A15	SLEEP
0x00001A2A	LDL
0x00001A2C	CLRI
0x00001A4A	INC
0x00001A65	LDL
0x00001A8A	LDL
0x00001A8E	LDL
0x00001A92	LDL
0x00001A96	LDL
0x00001A9A	LDL
0x00001AAC	INC
0x00001AB0	LDL
0x00001AB4	LDL
0x00001AB8	LDL
0x00001ABC	LDL
0x00001AE3	CLRI
0x00001AEE	SONDFX
0x00001AEF	SONDFX
0x00001AF5	INC
0x00001AF7	DEC
0x00001B03	INC
0x00001B05	DEC
0x00001B10	SLEEP
0x00001B11	SLEEP
0x00001B66	INC
0x00001B74	LDLF
0x00001B79	PUSHFL
0x00001B7A	PUSHFL
0x00001B7E	POPFL
0x00001B7F	POPFL
0x00001B81	PUSHFL
0x00001B82	PUSHFL
0x00001B86	POPFL
0x00001B87	POPFL
0x00001C28	LDL
0x00001C3A	LDL
0x00001C5B	CLRI
0x00001C86	LDP @PEDALMN
0x00001C8E	CLRC
0x00001C90	SETC
0x00001D4A	ORM
0x00001D4B	ORM
0x00001D4C	ORM
0x00001D4E	LDL
0x00001D57	STPI
0x00001D59	CLRI
0x00001D5A	SETAUD
0x00001D5B	SETAUD
0x00001D5E	DEC
0x00001D60	SETAUD
0x00001D61	SETAUD
0x00001D6C	FIFO_CLRP
0x00001D6D	FIFO_CLRP
0x00001D6E	FIFO_CLRP
0x00001D6F	FIFO_CLRP
0x00001D70	FIFO_CLRP
0x00001D71	DMA_WT
0x00001D72	DMA_WT
0x00001D73	DMA_WT
0x00001D74	DMA_WT
0x00001D75	DMA_WT
0x00001D7B	CLRI
0x00001D7C	CLRI
0x00001D81	READADJ
0x00001D82	READADJ
0x00001D86	READAUD
0x00001D87	READAUD
0x00001D8A	SETC
0x00001D8E	CLRC
0x00001DA0	DIE
0x00001DA8	INC
0x00001DAA	SOND1
0x00001DAB	SOND1
0x00001DAC	DIE
0x00001DB2	SETAUD
0x00001DB3	SETAUD
0x00001DBB	CLRI
0x00001DBD	LDP @FASTSTKI
0x00001DC2	DIE
0x00001DC3	CLRF
0x00001DCC	SLEEP
0x00001DCD	SLEEP
0x00001DD1	LDIL
0x00001DD2	LDIL
0x00001DD3	LDIL
0x00001DD8	CLRF
0x00001DE3	CREATE
0x00001DE4	CREATE
0x00001DE5	CREATE
0x00001DEC	LDL
0x00001DF7	LDL
0x00001DFA	LDL
0x00001E05	LDL
0x00001E08	LDL
0x00001E13	LDL
0x00001E20	DEC
0x00001F8B	LDPI
0x00001F8E	LDPI
0x00001FAE	CLRC
0x00001FB7	LDPI
0x00001FC2	LDPI
0x00001FC4	LDPI
0x00001FCB	CLRC
0x00001FCD	SETC
0x00001FE7	LDPI
0x00002004	FLOATP
0x00002033	LDPI
0x00002059	CLRI
0x0000205B	LDPI
0x00002071	LDPI
0x000020BE	LDPI
0x000020BF	LDPI
0x000020C1	LDPI
0x000020D2	SETC
0x000020D4	LDPI
0x000020D5	LDPI
0x000020D9	LDPI
0x000020E4	CLRF
0x0000210B	LDPI
0x00002120	LS
0x00002134	LDPI
0x00002139	INC
0x0000213B	RS
0x00002140	RS
0x00002143	RS
0x0000216B	CLRC
0x0000217B	SETC
0x00002192	LS
0x0000219D	LS
0x000021D0	LDPI
0x000021E9	LDPI
0x000021EA	LDPI
0x000021EC	LDPI
0x000021ED	LDPI
0x000021EF	LDPI
0x000021F1	LDPI
0x000021F2	LDPI
0x00002221	LDPI
0x00002223	LDPI
0x0000224E	RANDN
0x0000224F	RANDN
0x00002251	CREATE
0x00002252	CREATE
0x00002253	CREATE
0x00002281	LDPI
0x0000229D	LS
0x000022A6	LDPI
0x000022A9	SONDFX
0x000022AA	SONDFX
0x000022D9	LDPI
0x00002313	LDPI
0x0000233A	LDPI
0x00002343	LDPI
0x0000234F	FLOATP
0x0000237E	SLEEP
0x0000237F	SLEEP
0x000023A4	LDPI
0x000023AA	SLEEP
0x000023AB	SLEEP
0x000023B1	LDPI
0x000023B7	SLEEP
0x000023B8	SLEEP
0x000023BC	LDPI
0x000023C2	SLEEP
0x000023C3	SLEEP
0x000023CD	LS
0x000023D2	LDPI
0x000023DC	LS
0x000023E0	LS
0x000023E5	LDPI
0x000023E9	LS
0x00002424	LDPI
0x00002440	LDPI
0x0000248F	FLOATP
0x000024A3	FLOATP
0x000024AB	LDPI
0x000024C7	LDPI
0x000024CC	SLEEP
0x000024CD	SLEEP
0x000024E6	LDPI
0x00002540	SLEEP
0x00002541	SLEEP
0x0000254C	SLEEP
0x0000254D	SLEEP
0x00002569	DIE
0x00002572	CLRF
0x00002584	SLEEP
0x00002585	SLEEP
0x000025DA	LDPI
0x000025E1	LDPI
0x0000260E	LDPI
0x00002633	LDPI
0x000026A3	LDPI
0x000026E0	SUBPF
0x00002704	LDP HALFPII
0x00002737	LDPI
0x00002831	SETC
0x00002833	CLRC
0x00002869	LDPI
0x0000286E	LDPI
0x0000289C	CLRC
0x000028A6	SETC
0x000028CB	LDPI
0x0000296F	LS
0x00002972	SETC
0x00002980	SLEEP
0x00002981	SLEEP
0x000029B4	STPI
0x000029CF	CLRF
0x00002A0E	LDP @_CAMERARAD+Y
0x00002A10	SETDP
0x00002A52	STPI
0x00002A82	SONDFX
0x00002A83	SONDFX
0x00002A84	CREATEC
0x00002A85	CREATEC
0x00002A86	CREATEC
0x00002A87	CREATEC
0x00002A88	CREATEC
0x00002A89	CREATEC
0x00002ADE	LDP @_CAMERARAD+Y
0x00002AE0	SETDP
0x00002AE8	LDP @_CAMERARAD+X
0x00002AEA	SETDP
0x00002AFB	CLRF
0x00002AFC	LDP @_CAMERARAD+X
0x00002AFE	SETDP
0x00002B09	LDP @_CAMERARAD+Y
0x00002B13	SETDP
0x00002B19	LDP @_CAMERARAD+Y
0x00002B1B	SETDP
0x00002B26	LDP @_CAMERARAD+Y
0x00002B28	SETDP
0x00002B2C	LDP @_CAMERARAD+Y
0x00002B2E	SETDP
0x00002B5E	SLEEP
0x00002B5F	SLEEP
0x00002BFA	STPI
0x00002C0A	LDP @_CAMERARAD+Y
0x00002C0C	SETDP
0x00002C56	FLOATP
0x00002D85	FLOATP
0x00002E0C	FLOATP
0x00002E57	FLOATP
0x00002EB0	FLOATP
0x00002F3A	CLRC
0x00002F3F	SETC
0x00002F92	FLOATP
0x000030A1	CREATEC
0x000030A2	CREATEC
0x000030A3	CREATEC
0x000030A6	CREATEC
0x000030A7	CREATEC
0x000030A8	CREATEC
0x000030B9	SONDFX
0x000030BA	SONDFX
0x000030CD	SONDFX
0x000030CE	SONDFX
0x000030D4	CREATEC
0x000030D5	CREATEC
0x000030D6	CREATEC
0x000030EB	CREATEC
0x000030EC	CREATEC
0x000030ED	CREATEC
0x00003107	CREATEC
0x00003108	CREATEC
0x00003109	CREATEC
0x00003140	SONDFX
0x00003141	SONDFX
0x0000314B	SUBPI
0x000032F7	CLRC
0x000032F9	SETC
0x000032FB	READADJ
0x000032FC	READADJ
0x000032FF	CLRC
0x0000330C	SETC
0x0000334B	SONDFX
0x0000334C	SONDFX
0x0000334D	PUSHP
0x0000334E	PUSHP
0x0000334F	PUSHP
0x00003356	SLEEP
0x00003357	SLEEP
0x00003359	POPP
0x0000335A	POPP
0x0000335B	POPP
0x00003360	CLRI
0x00003364	SONDFX
0x00003365	SONDFX
0x00003393	LDP @_CAMERAPOS+Y
0x00003396	SETDP
0x0000339A	LDP @_CAMERAPOS+Z
0x0000339D	SETDP
0x000033BD	SLEEP
0x000033BE	SLEEP
0x000033C7	SONDFX
0x000033C8	SONDFX
0x000033C9	SLEEP
0x000033CA	SLEEP
0x000033DF	SLEEP
0x000033E0	SLEEP
0x000033E2	SONDFX
0x000033E3	SONDFX
0x000033E4	SONDFX
0x000033E5	SONDFX
0x000033F9	LDP @_CAMERAPOS+Y
0x000033FC	SETDP
0x000033FD	SLEEP
0x000033FE	SLEEP
0x00003401	LDP @_CAMERAPOS+Y
0x00003404	SETDP
0x00003405	SLEEP
0x00003406	SLEEP
0x00003409	LDP @_CAMERAPOS+Y
0x0000340B	SETDP
0x0000340C	SLEEP
0x0000340D	SLEEP
0x00003421	SLEEP
0x00003422	SLEEP
0x00003424	SONDFX
0x00003425	SONDFX
0x00003426	LDP @_CAMERAPOS
0x0000342A	SETDP
0x0000344A	LDP @_CAMERARAD
0x0000344E	SETDP
0x00003459	SLEEP
0x0000345A	SLEEP
0x0000345C	SONDFX
0x0000345D	SONDFX
0x0000347C	LDP @_CAMERARAD
0x0000347E	SETDP
0x00003488	SLEEP
0x00003489	SLEEP
0x000034B5	SLEEP
0x000034B6	SLEEP
0x000034BB	SONDFX
0x000034BC	SONDFX
0x000034F1	LDP @_CAMERARAD
0x000034F7	SETDP
0x00003502	SLEEP
0x00003503	SLEEP
0x0000350F	CREATE
0x00003510	CREATE
0x00003511	CREATE
0x00003512	SLEEP
0x00003513	SLEEP
0x0000351D	SLEEP
0x0000351E	SLEEP
0x0000351F	LDP @_CAMERAPOS+Y
0x00003526	SETDP
0x00003529	LDL
0x0000352C	LDL
0x0000352F	LDL
0x00003532	LDL
0x00003538	CREATEC
0x00003539	CREATEC
0x0000353A	CREATEC
0x0000353C	SLEEP
0x0000353D	SLEEP
0x0000353E	SOND1
0x0000353F	SOND1
0x00003540	CREATE
0x00003541	CREATE
0x00003542	CREATE
0x00003543	SLEEP
0x00003544	SLEEP
0x00003547	LDL
0x00003559	RETP
0x0000355A	RETP
0x0000355B	RETP
0x0000355C	RETP
0x0000362E	LDP @_CAMERAPOS
0x00003630	SETDP
0x000036A0	SONDFX
0x000036A1	SONDFX
0x000036AF	SLEEP
0x000036B0	SLEEP
0x000036B2	DIE
0x000036C0	CLRC
0x000036C5	SETC
0x000036D3	CLRC
0x000036D6	SETC
0x000036E7	CLRC
0x000036EC	SETC
0x000036FA	CLRC
0x000036FD	SETC
0x000037A8	LDL
0x00003859	LDL
0x0000385B	LDL
0x0000385D	LDL
0x0000385F	LDL
0x00003861	LDL
0x00003863	LDL
0x00003869	CLRI
0x0000386B	CREATE
0x0000386C	CREATE
0x0000386D	CREATE
0x00003870	SLEEP
0x00003871	SLEEP
0x0000388A	LDL
0x0000388F	LDP @_CAMERAPOS+X
0x00003896	CLRF
0x00003898	SETDP
0x0000389B	LDL
0x000038AA	CREATEC
0x000038AB	CREATEC
0x000038AC	CREATEC
0x000038AE	SLEEP
0x000038AF	SLEEP
0x000038B5	SLEEP
0x000038B6	SLEEP
0x000038B8	SLEEP
0x000038B9	SLEEP
0x000038BB	LDP @_CAMERAPOS
0x000038C4	SETDP
0x000038C6	SLEEP
0x000038C7	SLEEP
0x000038CA	DIE
0x0000393C	LDIL
0x0000393D	LDIL
0x0000393E	LDIL
0x00003966	CREATE
0x00003967	CREATE
0x00003968	CREATE
0x000039A9	SETAUD
0x000039AA	SETAUD
0x000039AC	DEC
0x000039B0	CLRI
0x000039B5	READAUD
0x000039B6	READAUD
0x000039BB	CREATEC
0x000039BC	CREATEC
0x000039BD	CREATEC
0x000039BF	LDL
0x000039CA	LDL
0x000039D4	CLRI
0x000039D6	LDL
0x000039E0	LDL
0x000039E4	LDL
0x000039EE	LDL
0x000039F2	LDL
0x000039FC	LDL
0x00003A03	SLEEP
0x00003A04	SLEEP
0x00003A06	SLEEP
0x00003A07	SLEEP
0x00003A15	SLEEP
0x00003A16	SLEEP
0x00003A2B	DIE
0x00003A3E	CLRI
0x00003A4A	CLRI
0x00003A4E	CLRI
0x00003A57	CREATE
0x00003A58	CREATE
0x00003A59	CREATE
0x00003A5A	CREATE
0x00003A5B	CREATE
0x00003A5C	CREATE
0x00003A5D	CREATE
0x00003A5E	CREATE
0x00003A5F	CREATE
0x00003A61	LDP @FASTSTKI
0x00003A6B	CLRI
0x00003A6D	CREATE
0x00003A6E	CREATE
0x00003A6F	CREATE
0x00003A70	LDP @IN_RESET_MODE
0x00003A72	SETDP
0x00003A74	SLEEP
0x00003A75	SLEEP
0x00003A7A	SOND1
0x00003A7B	SOND1
0x00003A86	CREATE
0x00003A87	CREATE
0x00003A88	CREATE
0x00003A89	SONDFX
0x00003A8A	SONDFX
0x00003A8B	SONDFX
0x00003A8C	SONDFX
0x00003A8D	SOND1
0x00003A8E	SOND1
0x00003A92	CREATEC
0x00003A93	CREATEC
0x00003A94	CREATEC
0x00003A95	JSRP
0x00003A96	JSRP
0x00003A97	JSRP
0x00003A98	JSRP
0x00003A99	JSRP
0x00003A9A	JSRP
0x00003A9C	CREATE
0x00003A9D	CREATE
0x00003A9E	CREATE
0x00003A9F	CREATE
0x00003AA0	CREATE
0x00003AA1	CREATE
0x00003AA2	CREATE
0x00003AA3	CREATE
0x00003AA4	CREATE
0x00003AA5	CREATE
0x00003AA6	CREATE
0x00003AA7	CREATE
0x00003AA8	CREATE
0x00003AA9	CREATE
0x00003AAA	CREATE
0x00003AB1	CREATE
0x00003AB2	CREATE
0x00003AB3	CREATE
0x00003AB5	ISREC
0x00003AB6	ISREC
0x00003AB7	ISREC
0x00003AB8	SLEEP
0x00003AB9	SLEEP
0x00003AC0	SOND1
0x00003AC1	SOND1
0x00003AC2	SONDFX
0x00003AC3	SONDFX
0x00003ACA	SLEEP
0x00003ACB	SLEEP
0x00003ACD	CREATE
0x00003ACE	CREATE
0x00003ACF	CREATE
0x00003AD0	SLEEP
0x00003AD1	SLEEP
0x00003AD4	SLEEP
0x00003AD5	SLEEP
0x00003AE5	LDL
0x00003AE6	LDL
0x00003AEB	READADJ
0x00003AEC	READADJ
0x00003AF4	LDL
0x00003AF6	LDL
0x00003AF8	LDL
0x00003AFE	CREATE
0x00003AFF	CREATE
0x00003B00	CREATE
0x00003B01	SONDFX
0x00003B02	SONDFX
0x00003B12	CLRI
0x00003B17	SLEEP
0x00003B18	SLEEP
0x00003B1B	INC
0x00003B21	SLEEP
0x00003B22	SLEEP
0x00003B24	CLRI
0x00003B26	READAUD
0x00003B27	READAUD
0x00003B2A	JSRP
0x00003B2B	JSRP
0x00003B2C	JSRP
0x00003B2D	JSRP
0x00003B2E	JSRP
0x00003B2F	JSRP
0x00003B32	CLRI
0x00003B3A	CLRI
0x00003B3D	CLRF
0x00003B3E	LDP @_CAMERAPOS+X
0x00003B44	CLRF
0x00003B46	SETDP
0x00003B50	SLEEP
0x00003B51	SLEEP
0x00003B54	SLEEP
0x00003B55	SLEEP
0x00003B59	READAUD
0x00003B5A	READAUD
0x00003B5D	CREATE
0x00003B5E	CREATE
0x00003B5F	CREATE
0x00003B65	READAUD
0x00003B66	READAUD
0x00003B6A	DEC
0x00003B6D	INCAUD
0x00003B6E	INCAUD
0x00003B77	JSRP
0x00003B78	JSRP
0x00003B79	JSRP
0x00003B7A	JSRP
0x00003B7B	JSRP
0x00003B7C	JSRP
0x00003B83	INCAUD
0x00003B84	INCAUD
0x00003B89	JSRP
0x00003B8A	JSRP
0x00003B8B	JSRP
0x00003B8C	JSRP
0x00003B8D	JSRP
0x00003B8E	JSRP
0x00003B8F	JSRP
0x00003B90	JSRP
0x00003B91	JSRP
0x00003B92	JSRP
0x00003B93	JSRP
0x00003B94	JSRP
0x00003BAE	READAUD
0x00003BAF	READAUD
0x00003BB7	CREATEC
0x00003BB8	CREATEC
0x00003BB9	CREATEC
0x00003BD2	CLRI
0x00003BD4	CREATE
0x00003BD5	CREATE
0x00003BD6	CREATE
0x00003BD7	CLRI
0x00003BDA	DIE
0x00003BE9	READAUD
0x00003BEA	READAUD
0x00003BED	JSRP
0x00003BEE	JSRP
0x00003BEF	JSRP
0x00003BF0	JSRP
0x00003BF1	JSRP
0x00003BF2	JSRP
0x00003BF3	SLEEP
0x00003BF4	SLEEP
0x00003C00	LDL
0x00003C02	LDL
0x00003C06	READAUD
0x00003C07	READAUD
0x00003C0A	JSRP
0x00003C0B	JSRP
0x00003C0C	JSRP
0x00003C0D	JSRP
0x00003C0E	JSRP
0x00003C0F	JSRP
0x00003C12	NOENTR2
0x00003C1B	INCAUD
0x00003C1C	INCAUD
0x00003C1D	INCAUD
0x00003C1E	INCAUD
0x00003C1F	INCAUD
0x00003C20	INCAUD
0x00003C21	JSRP
0x00003C22	JSRP
0x00003C23	JSRP
0x00003C24	JSRP
0x00003C25	JSRP
0x00003C26	JSRP
0x00003C2A	SLEEP
0x00003C2B	SLEEP
0x00003C37	LDL
0x00003C39	ORM
0x00003C3A	ORM
0x00003C3B	ORM
0x00003C3C	ORM
0x00003C3D	ORM
0x00003C3E	ORM
0x00003C3F	LDL
0x00003C4B	LDL
0x00003C4D	ORM
0x00003C4E	ORM
0x00003C4F	ORM
0x00003C50	ORM
0x00003C51	ORM
0x00003C52	ORM
0x00003C53	LDL
0x00003C57	SLEEP
0x00003C58	SLEEP
0x00003C5A	DIE
0x00003C6A	LDP @_CAMERAPOS+X
0x00003C6D	SETDP
0x00003C6F	LDP @_CAMERAPOS+X
0x00003C7D	SETDP
0x00003C7E	SLEEP
0x00003C7F	SLEEP
0x00003C81	DIE
0x00003C84	INCAUD
0x00003C85	INCAUD
0x00003CC4	SOND1
0x00003CC5	SOND1
0x00003CCF	LDL
0x00003CD5	ORM
0x00003CD6	ORM
0x00003CD7	ORM
0x00003CD8	SLEEP
0x00003CD9	SLEEP
0x00003CDA	LDL
0x00003CDC	READAUD
0x00003CDD	READAUD
0x00003CE1	LDL
0x00003CE7	ORM
0x00003CE8	ORM
0x00003CE9	ORM
0x00003CEA	SLEEP
0x00003CEB	SLEEP
0x00003CED	DIE
0x00003CF1	DEC
0x00003CF8	ORM
0x00003CF9	ORM
0x00003CFA	ORM
0x00003CFB	ORM
0x00003CFC	ORM
0x00003CFD	ORM
0x00003D06	ORM
0x00003D07	ORM
0x00003D08	ORM
0x00003D09	ORM
0x00003D0A	ORM
0x00003D0B	ORM
0x00003D1F	SLEEP
0x00003D20	SLEEP
0x00003D2D	SLEEP
0x00003D2E	SLEEP
0x00003D3E	SLEEP
0x00003D3F	SLEEP
0x00003D41	DIE
0x00003D42	SLEEP
0x00003D43	SLEEP
0x00003D4B	ORM
0x00003D4C	ORM
0x00003D4D	ORM
0x00003D4E	ORM
0x00003D4F	ORM
0x00003D50	ORM
0x00003D59	ORM
0x00003D5A	ORM
0x00003D5B	ORM
0x00003D5C	ORM
0x00003D5D	ORM
0x00003D5E	ORM
0x00003D72	SLEEP
0x00003D73	SLEEP
0x00003D80	SLEEP
0x00003D81	SLEEP
0x00003D91	SLEEP
0x00003D92	SLEEP
0x00003D94	DIE
0x00003DA3	LDL
0x00003DA5	LDIL
0x00003DA6	LDIL
0x00003DA7	LDIL
0x00003DB7	CREATEC
0x00003DB8	CREATEC
0x00003DB9	CREATEC
0x00003DBA	SONDFX
0x00003DBB	SONDFX
0x00003DD8	SLEEP
0x00003DD9	SLEEP
0x00003DDF	DIE
0x00003DE0	LDL
0x00003DE1	LDL
0x00003DE2	READAUD
0x00003DE3	READAUD
0x00003DF3	READAUD
0x00003DF4	READAUD
0x00003E08	LDL
0x00003E0C	CLRF
0x00003E10	CLRF
0x00003E30	SLEEP
0x00003E31	SLEEP
0x00003E3F	KKL
0x00003E40	KKL
0x00003E43	SONDFX
0x00003E44	SONDFX
0x00003E5C	SLEEP
0x00003E5D	SLEEP
0x00003E5F	DIE
0x00003E60	SLEEP
0x00003E61	SLEEP
0x00003E62	LDL
0x00003E71	DEC
0x00003E7A	LS
0x00003E7C	LS
0x00003E7F	LS
0x00003E93	CLRI
0x00003E94	SLEEP
0x00003E95	SLEEP
0x00003E96	LDL
0x00003E98	CLRI
0x00003E99	SLEEP
0x00003E9A	SLEEP
0x00003E9B	LDL
0x00003EA9	LDL
0x00003EC0	SLEEP
0x00003EC1	SLEEP
0x00003ED6	SLEEP
0x00003ED7	SLEEP
0x00003EDC	DIE
0x00003EE2	CLRI
0x00003EE3	LDL
0x00003EE9	SLEEP
0x00003EEA	SLEEP
0x00003EEB	LDL
0x00003EFD	LDL
0x00003F0B	LDL
0x00003F0F	CLRI
0x00003F13	DEC
0x00003F2A	SLEEP
0x00003F2B	SLEEP
0x00003F39	SLEEP
0x00003F3A	SLEEP
0x00003F4F	SLEEP
0x00003F50	SLEEP
0x00003F52	DIE
0x00003F85	DEC
0x00003F9E	CLRI
0x00003FA6	CLRI
0x00003FAC	CLRF
0x00003FBE	INCM
0x00003FBF	INCM
0x00003FC0	INCM
0x00003FDC	INCM
0x00003FDD	INCM
0x00003FDE	INCM
0x00003FEE	CREATE
0x00003FEF	CREATE
0x00003FF0	CREATE
0x00003FF2	SLEEP
0x00003FF3	SLEEP
0x00004002	LS
0x00004007	RS
0x0000400C	INC
0x0000402E	INCM
0x0000402F	INCM
0x00004030	INCM
0x0000403B	NOO2
0x0000403D	INC
0x00004051	CLRI
0x00004064	DECM
0x00004065	DECM
0x00004066	DECM
0x00004067	SLEEP
0x00004068	SLEEP
0x00004074	INC
0x00004079	LDL
0x00004087	LDL
0x0000408D	LS
0x00004093	CLRI
0x000040A7	INC
0x000040B1	LS
0x000040CB	DEC
0x00004109	RS
0x0000410E	LS
0x0000411D	LS
0x00004126	LS
0x00004130	LS
0x00004137	LS
0x00004146	LS
0x00004170	STPF
0x0000418D	STPF
0x000041AC	CLRI
0x000041C6	STPI
0x000041CB	STPI
0x000041D5	STPI
0x000041D8	STPI
0x000041DB	STPI
0x000041DD	STPI
0x000041DF	STPI
0x000041E0	STPI
0x000041FA	RS
0x000041FD	RS
0x00004200	RS
0x00004203	RS
0x00004206	RS
0x00004209	CLRI
0x00004239	CREATE
0x0000423A	CREATE
0x0000423B	CREATE
0x00004240	LS
0x00004244	RANDN
0x00004245	RANDN
0x000043AA	CREATE
0x000043AB	CREATE
0x000043AC	CREATE
0x000043CB	CREATE
0x000043CC	CREATE
0x000043CD	CREATE
0x000043D4	RANDN
0x000043D5	RANDN
0x000043E6	RANDN
0x000043E7	RANDN
0x000043EA	CREATE
0x000043EB	CREATE
0x000043EC	CREATE
0x000043F9	RANDN
0x000043FA	RANDN
0x000043FD	CREATE
0x000043FE	CREATE
0x000043FF	CREATE
0x00004402	CREATE
0x00004403	CREATE
0x00004404	CREATE
0x00004408	LS
0x00004416	RANDN
0x00004417	RANDN
0x00004425	LDL
0x00004428	INC
0x0000442A	DEC
0x00004445	CLRI
0x00004454	SONDFX
0x00004455	SONDFX
0x00004456	CREATE
0x00004457	CREATE
0x00004458	CREATE
0x0000445B	LS
0x00004481	SLEEP
0x00004482	SLEEP
0x00004487	CREATE
0x00004488	CREATE
0x00004489	CREATE
0x0000448C	LS
0x00004493	CREATE
0x00004494	CREATE
0x00004495	CREATE
0x00004498	LS
0x000044C1	SLEEP
0x000044C2	SLEEP
0x000044C4	CLRI
0x000044C7	LS
0x000044CB	DIE
0x000044D4	LDL
0x000044D7	INC
0x000044D9	DEC
0x00004505	CLRI
0x00004543	SETAUD
0x00004544	SETAUD
0x00004546	SETAUD
0x00004547	SETAUD
0x0000454B	TEXTITT
0x0000454C	TEXTITT
0x0000454D	TEXTITT
0x0000454E	TEXTITT
0x00004554	TEXTITT
0x00004555	TEXTITT
0x00004556	TEXTITT
0x00004557	TEXTITT
0x00004558	LDL
0x0000455B	LDL
0x0000455E	LDL
0x00004561	LDL
0x00004564	READAUD
0x00004565	READAUD
0x00004568	LDL
0x0000456A	JAJA66
0x00004572	CLRI
0x00004573	LDP @991030h
0x00004576	SETDP
0x0000457A	TEXTITT
0x0000457B	TEXTITT
0x0000457C	TEXTITT
0x0000457D	TEXTITT
0x0000457E	TEXTITT
0x0000457F	TEXTITT
0x00004580	TEXTITT
0x00004581	TEXTITT
0x00004588	FILL
0x00004589	FILL
0x0000458A	FILL
0x0000458B	FILL
0x0000458C	FILL
0x0000458D	FILL
0x0000458E	LDL
0x0000459A	LDL
0x0000459D	LDL
0x000045A0	LDL
0x000045AE	CLRI
0x000045AF	LDP @991030h
0x000045B2	SETDP
0x000045BA	CLRI
0x000045BB	LDP @991030h
0x000045BE	SETDP
0x000045C0	RS
0x000045C5	TEXTITT
0x000045C6	TEXTITT
0x000045C7	TEXTITT
0x000045C8	TEXTITT
0x000045C9	LDL
0x000045D1	LDL
0x000045D4	LDL
0x000045D7	LDL
0x000045E5	CLRI
0x000045E6	LDP @991030h
0x000045E9	SETDP
0x000045EF	LDL
0x000045F7	LDL
0x000045FA	LDL
0x000045FD	LDL
0x00004600	LDL
0x00004607	CLRI
0x00004608	LDP @991030h
0x0000460B	SETDP
0x00004610	FILL
0x00004611	FILL
0x00004612	FILL
0x00004613	FILL
0x00004614	FILL
0x00004615	FILL
0x00004617	TEXTITT
0x00004618	TEXTITT
0x00004619	TEXTITT
0x0000461A	TEXTITT
0x00004622	LDL
0x00004626	LDL
0x00004629	FILL
0x0000462A	FILL
0x0000462B	FILL
0x0000462C	FILL
0x0000462D	FILL
0x0000462E	FILL
0x00004631	LDL
0x00004633	TEXTITT
0x00004634	TEXTITT
0x00004635	TEXTITT
0x00004636	TEXTITT
0x00004640	FILL
0x00004641	FILL
0x00004642	FILL
0x00004643	FILL
0x00004644	FILL
0x00004645	FILL
0x0000464E	FILL
0x0000464F	FILL
0x00004650	FILL
0x00004651	FILL
0x00004652	FILL
0x00004653	FILL
0x00004656	CLRI
0x00004657	SETAUD
0x00004658	SETAUD
0x00004659	FILL
0x0000465A	FILL
0x0000465B	FILL
0x0000465C	FILL
0x0000465D	FILL
0x0000465E	FILL
0x00004661	TEXTITT
0x00004662	TEXTITT
0x00004663	TEXTITT
0x00004664	TEXTITT
0x00004665	TEXTITT
0x00004666	TEXTITT
0x00004667	TEXTITT
0x00004668	TEXTITT
0x0000466D	FILL
0x0000466E	FILL
0x0000466F	FILL
0x00004670	FILL
0x00004671	FILL
0x00004672	FILL
0x00004676	CLRI
0x00004677	LDP @991030h
0x0000467A	SETDP
0x0000467B	RS
0x00004680	TEXTITT
0x00004681	TEXTITT
0x00004682	TEXTITT
0x00004683	TEXTITT
0x0000468E	FILL
0x0000468F	FILL
0x00004690	FILL
0x00004691	FILL
0x00004692	FILL
0x00004693	FILL
0x000046A5	CLRI
0x000046A6	LDP @DIPSW
0x000046AA	RS
0x000046AB	SETDP
0x000046AE	READAUD
0x000046AF	READAUD
0x00004740	DEC
0x00004745	LDL
0x0000474C	CLRI
0x0000474D	LDP @991030h
0x00004750	SETDP
0x00004751	LDL
0x0000475D	CLRI
0x0000475E	LDP @991030h
0x00004761	SETDP
0x00004762	LDL
0x00004765	LDL
0x00004768	CLRI
0x0000476E	SETAUD
0x0000476F	SETAUD
0x00004771	SETAUD
0x00004772	SETAUD
0x0000484B	LDL
0x0000484D	LDL
0x0000484E	LDL
0x00004850	LDL
0x00004851	LDL
0x00004853	LDL
0x00004854	LDL
0x0000485A	LDL
0x0000485C	LDL
0x0000485D	LDL
0x0000485F	LDL
0x00004860	LDL
0x00004862	LDL
0x00004863	LDL
0x00004868	CLRI
0x00004869	LDL
0x0000486B	LDL
0x0000486C	LDL
0x0000486E	LDL
0x0000486F	LDL
0x00004871	LDL
0x00004872	LDL
0x000048DC	LDL
0x000048DF	LDL
0x000048EB	DINT
0x000048EC	DINT
0x000048ED	DINT
0x000048EE	DINT
0x000048EF	DINT
0x000048F0	DINT
0x000048F1	LDIL
0x000048F2	LDIL
0x000048F3	LDIL
0x000048FE	CLRI
0x00004901	CLRI
0x00004912	EINT
0x0000491C	DINT
0x0000491D	DINT
0x0000491E	DINT
0x0000491F	DINT
0x00004920	DINT
0x00004921	DINT
0x00004922	LDIL
0x00004923	LDIL
0x00004924	LDIL
0x00004945	EINT
0x00004947	DINT
0x00004948	DINT
0x00004949	DINT
0x0000494A	DINT
0x0000494B	DINT
0x0000494C	DINT
0x0000494D	LDIL
0x0000494E	LDIL
0x0000494F	LDIL
0x00004960	EINT
0x00004961	LDL
0x00004969	LDL
0x0000496B	CLRI
0x0000496F	CLRI
0x00004973	LDIL
0x00004974	LDIL
0x00004975	LDIL
0x00004979	TEXTITT
0x0000497A	TEXTITT
0x0000497B	TEXTITT
0x0000497C	TEXTITT
0x00004980	TEXTITT
0x00004981	TEXTITT
0x00004982	TEXTITT
0x00004983	TEXTITT
0x0000498B	LDIL
0x0000498C	LDIL
0x0000498D	LDIL
0x00004991	TEXTITT
0x00004992	TEXTITT
0x00004993	TEXTITT
0x00004994	TEXTITT
0x00004998	TEXTITT
0x00004999	TEXTITT
0x0000499A	TEXTITT
0x0000499B	TEXTITT
0x000049A9	CLRI
0x000049AA	LDP @991030h
0x000049AD	SETDP
0x000049B0	SETC
0x000049B4	CLRC
0x000049B8	DINT
0x000049B9	DINT
0x000049BA	DINT
0x000049BB	DINT
0x000049BC	DINT
0x000049BD	DINT
0x000049BE	CLRI
0x000049C0	EINT
0x000049C9	LDIL
0x000049CA	LDIL
0x000049CB	LDIL
0x000049E3	LDIL
0x000049E4	LDIL
0x000049E5	LDIL
0x000049F5	RS
0x000049F9	SETC
0x00004A00	SETAUD
0x00004A01	SETAUD
0x00004A03	SETAUD
0x00004A04	SETAUD
0x00004A21	ORM
0x00004A22	ORM
0x00004A23	ORM
0x00004A24	ORM
0x00004A25	ORM
0x00004A26	ORM
0x00004A28	CLRI
0x00004A29	SETAUD
0x00004A2A	SETAUD
0x00004A4E	SETC
0x00004A50	CLRC
0x00004A5B	SETC
0x00004A5D	CLRC
0x00004A5F	DINT
0x00004A60	DINT
0x00004A61	DINT
0x00004A62	DINT
0x00004A63	DINT
0x00004A64	DINT
0x00004A6C	DEC
0x00004A6F	EINT
0x00004A71	EINT
0x00004A73	SETAUD
0x00004A74	SETAUD
0x00004A79	DEC
0x00004A7F	DEC
0x00004A84	CLRI
0x00004A85	SETAUD
0x00004A86	SETAUD
0x00004A88	FILL
0x00004A89	FILL
0x00004A8A	FILL
0x00004A8B	FILL
0x00004A8C	FILL
0x00004A8D	FILL
0x00004A91	TEXTITT
0x00004A92	TEXTITT
0x00004A93	TEXTITT
0x00004A94	TEXTITT
0x00004A98	TEXTITT
0x00004A99	TEXTITT
0x00004A9A	TEXTITT
0x00004A9B	TEXTITT
0x00004A9F	TEXTITT
0x00004AA0	TEXTITT
0x00004AA1	TEXTITT
0x00004AA2	TEXTITT
0x00004AA6	TEXTITT
0x00004AA7	TEXTITT
0x00004AA8	TEXTITT
0x00004AA9	TEXTITT
0x00004AAF	CLRI
0x00004AB0	SETAUD
0x00004AB1	SETAUD
0x00004AB2	FILL
0x00004AB3	FILL
0x00004AB4	FILL
0x00004AB5	FILL
0x00004AB6	FILL
0x00004AB7	FILL
0x00004AB9	FILL
0x00004ABA	FILL
0x00004ABB	FILL
0x00004ABC	FILL
0x00004ABD	FILL
0x00004ABE	FILL
0x00004AC2	TEXTITT
0x00004AC3	TEXTITT
0x00004AC4	TEXTITT
0x00004AC5	TEXTITT
0x00004AC9	TEXTITT
0x00004ACA	TEXTITT
0x00004ACB	TEXTITT
0x00004ACC	TEXTITT
0x00004AD0	TEXTITT
0x00004AD1	TEXTITT
0x00004AD2	TEXTITT
0x00004AD3	TEXTITT
0x00004AD7	TEXTITT
0x00004AD8	TEXTITT
0x00004AD9	TEXTITT
0x00004ADA	TEXTITT
0x00004AE7	CLRI
0x00004AE8	LDP @COMMINTM
0x00004AEA	LDP @CPU_WS
0x00004AED	LDP @FIFO_CONTROL
0x00004AF1	LDP @FASTSTKI
0x00004AF3	DINT
0x00004AF4	DINT
0x00004AF5	DINT
0x00004AF6	DINT
0x00004AF7	DINT
0x00004AF8	DINT
0x00004AF9	CLRI
0x00004AFA	LDP @CMOS_WP_WORD
0x00004AFC	LDIL
0x00004AFD	LDIL
0x00004AFE	LDIL
0x00004B01	LDP @991050h
0x00004B03	LDP @WDHIT
0x00004B05	LDP @SYSCNTLR
0x00004B08	LDP @DMA_SETUP
0x00004B0B	LDP @FIFO_SIZE
0x00004B0F	SETDP
0x00004B13	LS
0x00004B15	LS
0x00004B20	SOFTWTM
0x00004B21	SOFTWTM
0x00004B22	SOFTWTM
0x00004B23	SOFTWTM
0x00004B24	CLRI
0x00004B25	LDP @COMMINTM
0x00004B27	SETDP
0x00004B29	SOFTWTM
0x00004B2A	SOFTWTM
0x00004B2B	SOFTWTM
0x00004B2C	SOFTWTM
0x00004B2D	DINT
0x00004B2E	DINT
0x00004B2F	DINT
0x00004B30	DINT
0x00004B31	DINT
0x00004B32	DINT
0x00004B33	LDP @FASTSTKI
0x00004B35	CLRI
0x00004B36	SETAUD
0x00004B37	SETAUD
0x00004B3A	LDP @WDHIT
0x00004B3C	SOFTWTM
0x00004B3D	SOFTWTM
0x00004B3E	SOFTWTM
0x00004B3F	SOFTWTM
0x00004B40	DINT
0x00004B41	DINT
0x00004B42	DINT
0x00004B43	DINT
0x00004B44	DINT
0x00004B45	DINT
0x00004B46	LDP @FASTSTKI
0x00004B4A	LS
0x00004B4D	LS
0x00004B51	CLRI
0x00004B52	LDP @COLORAM
0x00004B54	SETDP
0x00004B63	LDP @TIMER_CNTL1
0x00004B68	SETDP
0x00004B6D	LDL
0x00004B76	DINT
0x00004B77	DINT
0x00004B78	DINT
0x00004B79	DINT
0x00004B7A	DINT
0x00004B7B	DINT
0x00004B7D	EINT
0x00004B84	CLRI
0x00004B85	SETAUD
0x00004B86	SETAUD
0x00004B89	LDL
0x00004B8D	LDL
0x00004B93	LDL
0x00004B98	LDL
0x00004B9E	LDL
0x00004BA3	READADJ
0x00004BA4	READADJ
0x00004BA7	LDP @WDHIT
0x00004BA9	SETDP
0x00004BAC	INCAUD
0x00004BAD	INCAUD
0x00004BAE	CLRI
0x00004BB5	LDP @COMMINTM
0x00004BB7	SETDP
0x00004BBA	READAUD
0x00004BBB	READAUD
0x00004BC0	READAUD
0x00004BC1	READAUD
0x00004BC5	READAUD
0x00004BC6	READAUD
0x00004BC8	SETADJ
0x00004BC9	SETADJ
0x00004BD1	FIFO_CLRP
0x00004BD2	FIFO_CLRP
0x00004BD3	FIFO_CLRP
0x00004BD4	FIFO_CLRP
0x00004BD5	FIFO_CLRP
0x00004BD6	DMA_WT
0x00004BD7	DMA_WT
0x00004BD8	DMA_WT
0x00004BD9	DMA_WT
0x00004BDA	DMA_WT
0x00004BEB	CLRI
0x00004C11	CLRI
0x00004C12	LDP @MPROC_TIK
0x00004C14	SETDP
0x00004C2C	FIFO_CLRP
0x00004C2D	FIFO_CLRP
0x00004C2E	FIFO_CLRP
0x00004C2F	FIFO_CLRP
0x00004C30	FIFO_CLRP
0x00004C31	DMA_WT
0x00004C32	DMA_WT
0x00004C33	DMA_WT
0x00004C34	DMA_WT
0x00004C35	DMA_WT
0x00004C39	CLRI
0x00004C4A	LDP @COMMINTM
0x00004C4C	LDP @CPU_WS
0x00004C6E	SETDP
0x00004C71	LDP @COLORAM
0x00004C73	SETDP
0x00004C7A	LDP @MPROC_TIK
0x00004C7C	SETDP
0x00004C7D	INC
0x00004C80	ERRON
0x00004C81	ERRON
0x00004C82	ERRON
0x00004C83	ERRON
0x00004C84	ERRON
0x00004C85	ERRON
0x00004C86	ERRON
0x00004C87	ERRON
0x00004C89	LDP @MPROC_TIK
0x00004C8B	SETDP
0x00004C93	DEC
0x00004CA2	INCM
0x00004CA3	INCM
0x00004CA4	INCM
0x00004CA5	INCM
0x00004CA6	INCM
0x00004CA7	INCM
0x00004CAA	CLRI
0x00004CB0	INCAUD
0x00004CB1	INCAUD
0x00004CB4	INCAUD
0x00004CB5	INCAUD
0x00004CC9	INCM
0x00004CCA	INCM
0x00004CCB	INCM
0x00004CCC	INCMF
0x00004CCD	INCMF
0x00004CCE	INCMF
0x00004CF6	LDP @CPU_WS
0x00004CFA	LDP @COMMINTM
0x00004D00	CLRI
0x00004D01	LDP @DIPSW
0x00004D04	LDP @DIPRAM
0x00004D05	RS
0x00004D07	LDP @SWITCH3
0x00004D0A	LS
0x00004D0D	LS
0x00004D0E	LDP @FASTSTKI
0x00004D0F	RS
0x00004D1D	LDP @SYSCNTLR
0x00004D21	CLRI
0x00004D22	LDP @ATOD_R
0x00004D24	LS
0x00004D27	SETDP
0x00004D28	CLRI
0x00004D3E	LDP @SWRAM+2
0x00004D42	SETDP
0x00004D45	READADJ
0x00004D46	READADJ
0x00004D48	READADJ
0x00004D49	READADJ
0x00004D4A	DEC
0x00004D53	LDP @SWRAM+2
0x00004D57	SETDP
0x00004D5A	READADJ
0x00004D5B	READADJ
0x00004D5D	READADJ
0x00004D5E	READADJ
0x00004D5F	INC
0x00004D68	SETADJ
0x00004D69	SETADJ
0x00004D83	LDP @COMMINTM
0x00004D85	SETDP
0x00004D8A	LDP @CPU_WS
0x00004D91	LDP @RDPOT
0x00004D94	LDP @SYSCNTL
0x00004D97	LDP @SYSCNTLR
0x00004D99	CLRI
0x00004D9A	LDP @ATOD_R
0x00004D9D	LDP @_pot0
0x00004D9E	RS
0x00004DAC	LDP @SYSCNTL
0x00004DAE	LDP @SYSCNTLR
0x00004DB1	LDP @ATOD_R
0x00004DB2	CLRI
0x00004DB4	LS
0x00004DB8	LDP @RDPOT
0x00004DBD	LDP @SYSCNTLR
0x00004DBF	LDP @ATOD_R
0x00004DC0	CLRI
0x00004DC3	LDP @_pot1
0x00004DC4	RS
0x00004DCC	LDP @SYSCNTL
0x00004DCE	LDP SYSCNTLR
0x00004DD1	LDP @ATOD_R
0x00004DD3	LS
0x00004DD4	CLRI
0x00004DD8	LDP @RDPOT
0x00004DDB	CLRI
0x00004DDE	LDP @_pot2
0x00004DDF	RS
0x00004DE7	LDP @RDPOT
0x00004DEA	LDP @CPU_WS
0x00004DF8	LS
0x00004DF9	RS
0x00004E3A	CLRI
0x00004E4F	CLRI
0x00004E58	LDIL
0x00004E59	LDIL
0x00004E5A	LDIL
0x00004E5B	CLRI
0x00004E66	READAUD
0x00004E67	READAUD
0x00004E6E	READAUD
0x00004E6F	READAUD
0x00004E75	LDP @BUTTON_TIKS
0x00004E77	INC
0x00004E79	SETDP
0x00004E7F	CLRI
0x00004E80	LDP @BUTTON_TIKS
0x00004E82	SETDP
0x00004E88	LDIL
0x00004E89	LDIL
0x00004E8A	LDIL
0x00004EAC	LDP @BUTTON_STATUS
0x00004EAE	SETDP
0x00004EAF	LDP @BUTTON_TIKS
0x00004EB1	INC
0x00004EB3	SETDP
0x00004EB6	CLRI
0x00004EB9	CLRI
0x00004EBA	LDP @BUTTON_TIKS
0x00004EBC	SETDP
0x00004EBD	LDIL
0x00004EBE	LDIL
0x00004EBF	LDIL
0x00004EDD	PUSHM
0x00004EDE	PUSHM
0x00004EDF	PUSHM
0x00004EE0	PUSHM
0x00004EE1	LDIL
0x00004EE2	LDIL
0x00004EE3	LDIL
0x00004EE4	LDP @CRT_REG_SETUP_STRI
0x00004EEA	POPM
0x00004EEB	POPM
0x00004EEC	POPM
0x00004EED	POPM
0x00004EF4	DINT
0x00004EF5	DINT
0x00004EF6	DINT
0x00004EF7	DINT
0x00004EF8	DINT
0x00004EF9	DINT
0x00004EFA	LDP @SYSCNTL
0x00004EFE	LDP @SYSCNTLR
0x00004F01	EINT
0x00004F02	LDP @FIFO_CONTROL
0x00004F08	SETDP
0x00004F0C	LDP @TIMER_CNTL1
0x00004F14	LDP @TIMER_CNTR1
0x00004F1B	SETDP
0x00004F3A	LDP @TIMER_CNTR1
0x00004F3C	LDP @TIMEX
0x00004F43	CLRI
0x00004F44	LDP @9E0000h
0x00004F4C	SETDP
0x00004F4F	LDIL
0x00004F50	LDIL
0x00004F51	LDIL
0x00004F54	TEXTIT
0x00004F55	TEXTIT
0x00004F56	TEXTIT
0x00004F57	TEXTIT
0x00004F58	TEXTIT
0x00004F59	TEXTIT
0x00004F5A	TEXTIT
0x00004F5B	TEXTIT
0x00004F5C	TEXTIT
0x00004F5D	TEXTIT
0x00004F5E	TEXTIT
0x00004F5F	TEXTIT
0x00004F60	TEXTIT
0x00004F61	TEXTIT
0x00004F62	TEXTIT
0x00004F63	TEXTIT
0x00004F65	TEXTIT
0x00004F66	TEXTIT
0x00004F67	TEXTIT
0x00004F68	TEXTIT
0x00004F6A	TEXTIT
0x00004F6B	TEXTIT
0x00004F6C	TEXTIT
0x00004F6D	TEXTIT
0x00004F6E	TEXTIT
0x00004F6F	TEXTIT
0x00004F70	TEXTIT
0x00004F71	TEXTIT
0x00004F72	TEXTIT
0x00004F73	TEXTIT
0x00004F74	TEXTIT
0x00004F75	TEXTIT
0x00004F76	CLRI
0x00004F77	LDP @DIPSW
0x00004F7A	RS
0x00004F7B	SETDP
0x00004F86	CLRI
0x00004F87	LDP @COMMPAL
0x00004F8A	SETDP
0x00004F9A	TEXTIT
0x00004F9B	TEXTIT
0x00004F9C	TEXTIT
0x00004F9D	TEXTIT
0x00004FA0	TEXTIT
0x00004FA1	TEXTIT
0x00004FA2	TEXTIT
0x00004FA3	TEXTIT
0x00004FA4	TEXTIT
0x00004FA5	TEXTIT
0x00004FA6	TEXTIT
0x00004FA7	TEXTIT
0x00004FA8	TEXTIT
0x00004FA9	TEXTIT
0x00004FAA	TEXTIT
0x00004FAB	TEXTIT
0x00004FAC	TEXTIT
0x00004FAD	TEXTIT
0x00004FAE	TEXTIT
0x00004FAF	TEXTIT
0x00004FB2	TEXTIT
0x00004FB3	TEXTIT
0x00004FB4	TEXTIT
0x00004FB5	TEXTIT
0x00004FB6	TEXTIT
0x00004FB7	TEXTIT
0x00004FB8	TEXTIT
0x00004FB9	TEXTIT
0x00004FC1	TEXTIT
0x00004FC2	TEXTIT
0x00004FC3	TEXTIT
0x00004FC4	TEXTIT
0x00004FC5	TEXTIT
0x00004FC6	TEXTIT
0x00004FC7	TEXTIT
0x00004FC8	TEXTIT
0x00004FE1	DEC
0x00004FE8	DEC
0x00004FED	INC
0x00004FF4	CLRI
0x00004FF8	CLRI
0x00005002	INC
0x0000500A	INC
0x00005017	LDIL
0x00005018	LDIL
0x00005019	LDIL
0x0000501D	TEXTITT
0x0000501E	TEXTITT
0x0000501F	TEXTITT
0x00005020	TEXTITT
0x00005021	TEXTITT
0x00005022	TEXTITT
0x00005023	TEXTITT
0x00005024	TEXTITT
0x0000502E	LDIL
0x0000502F	LDIL
0x00005030	LDIL
0x00005034	TEXTITT
0x00005035	TEXTITT
0x00005036	TEXTITT
0x00005037	TEXTITT
0x00005038	TEXTITT
0x00005039	TEXTITT
0x0000503A	TEXTITT
0x0000503B	TEXTITT
0x00005042	SETAUD
0x00005043	SETAUD
0x00005047	LDL
0x00005050	LDP @CPU_WS
0x00005055	LDP @SYSCNTL
0x00005059	LDP @SYSCNTLR
0x0000505C	LDP @CPU_WS
0x00005063	LDP @CPU_WS
0x00005068	LDP @SYSCNTL
0x0000506C	LDP @SYSCNTLR
0x0000506F	LDP @CPU_WS
0x0000553B	DEC
0x0000554E	PUSHFL
0x0000554F	PUSHFL
0x00005563	POPFL
0x00005564	POPFL
0x000055BB	SONDFX
0x000055BC	SONDFX
0x00005FE1	RS
0x00006009	PUSHFL
0x0000600A	PUSHFL
0x00006013	LS
0x00006014	RS
0x00006018	LS
0x0000601C	RS
0x0000601F	RS
0x00006021	LS
0x00006025	RS
0x00006027	LS
0x0000602A	RS
0x0000602C	LS
0x00006030	RS
0x00006032	LS
0x00006034	RS
0x00006037	LS
0x0000603B	RS
0x0000603E	RS
0x00006040	LS
0x00006044	RS
0x00006046	LS
0x00006049	RS
0x0000604B	LS
0x0000604F	RS
0x00006051	LS
0x00006053	LS
0x00006066	LS
0x00006067	RS
0x0000606B	LS
0x0000606F	RS
0x00006072	RS
0x00006074	LS
0x00006078	RS
0x0000607A	LS
0x0000607D	RS
0x0000607F	LS
0x00006083	RS
0x00006085	LS
0x00006087	RS
0x0000608A	LS
0x0000608E	RS
0x00006091	RS
0x00006093	LS
0x00006097	RS
0x00006099	LS
0x0000609C	RS
0x0000609E	LS
0x000060A2	RS
0x000060A4	LS
0x000060A6	LS
0x000060B1	POPFL
0x000060B2	POPFL
0x000060ED	CEILI
0x000060EE	CEILI
0x000060EF	FLOORI
0x000060F0	FLOORI
0x000060F8	CEILI
0x000060F9	CEILI
0x000060FA	FLOORI
0x000060FB	FLOORI
0x00006103	CEILI
0x00006104	CEILI
0x00006105	FLOORI
0x00006106	FLOORI
0x0000611C	CLRI
0x0000611E	CLRI
0x00006121	LDP @(_CAMERARAD+Y)
0x00006123	SETDP
0x00006133	LDLF
0x00006138	LDLF
0x00006145	CLRI
0x00006162	LDL
0x0000616A	LDL
0x00006181	GL14
0x000061B1	CLRI
0x00006325	RS
0x00006329	RS
0x0000632F	RS
0x00006335	R1R2ZER
0x00006336	R3ZERO
0x0000634F	LDP @SYSCNTLR
0x00006351	SETDP
0x00006356	LDP @SYSCNTLR
0x00006358	SETDP
0x00006360	DEC
0x00006364	LDIL
0x00006365	LDIL
0x00006366	LDIL
0x0000636A	LDIL
0x0000636B	LDIL
0x0000636C	LDIL
0x00006370	LDIL
0x00006371	LDIL
0x00006372	LDIL
0x00006376	DEC
0x0000637A	LDIL
0x0000637B	LDIL
0x0000637C	LDIL
0x00006380	LDIL
0x00006381	LDIL
0x00006382	LDIL
0x00006386	LDIL
0x00006387	LDIL
0x00006388	LDIL
0x0000638C	DEC
0x00006390	LDIL
0x00006391	LDIL
0x00006392	LDIL
0x00006396	LDIL
0x00006397	LDIL
0x00006398	LDIL
0x0000639C	LDIL
0x0000639D	LDIL
0x0000639E	LDIL
0x000063A1	LDIL
0x000063A2	LDIL
0x000063A3	LDIL
0x000063AD	LDP @9E0000h
0x000063AE	CLRI
0x000063B2	LDIL
0x000063B3	LDIL
0x000063B4	LDIL
0x000063B6	DINT
0x000063B7	DINT
0x000063B8	DINT
0x000063B9	DINT
0x000063BA	DINT
0x000063BB	DINT
0x000063BF	TEXTITT
0x000063C0	TEXTITT
0x000063C1	TEXTITT
0x000063C2	TEXTITT
0x000063C3	LDL
0x000063E4	INC
0x000063E6	INC
0x000063E8	DEC
0x000063EA	DEC
0x000063F1	RS
0x000063F2	RS
0x0000640B	RS
0x0000640C	RS
0x00006417	LDL
0x00006425	RS
0x00006426	RS
0x00006433	LDL
0x00006434	LDIL
0x00006435	LDIL
0x00006436	LDIL
0x00006437	LDP @CPU_WS
0x0000643A	SETDP
0x0000643B	CMOS_WP_OFF
0x00006440	LS
0x00006442	LS
0x00006445	RS
0x00006446	LDL
0x00006449	RS
0x00006453	CMOS_WP_ON
0x00006456	CMOS_WP_ON
0x00006458	LDP @CPU_WS
0x0000645B	SETDP
0x0000645D	INC
0x0000645F	INC
0x00006461	DEC
0x00006463	DEC
0x0000646A	RS
0x0000646B	RS
0x00006478	LDL
0x0000647A	LDL
0x00006491	CLRI
0x00006495	LINE
0x00006496	LINE
0x00006497	LINE
0x00006498	LINE
0x00006499	LINE
0x0000649A	LINE
0x0000649B	LINE
0x0000649C	LINE
0x0000649D	LINE
0x0000649E	LINE
0x0000649F	LINE
0x000064A0	LINE
0x000064A1	LINE
0x000064A2	LINE
0x000064A3	LINE
0x000064A4	LINE
0x000064A5	LINE
0x000064A6	LINE
0x000064A7	LINE
0x000064A8	LINE
0x000064A9	LINE
0x000064AA	LINE
0x000064AB	LINE
0x000064AC	LINE
0x000064AD	LINE
0x000064AE	LINE
0x000064AF	LINE
0x000064B0	LINE
0x000064B1	LINE
0x000064B2	LINE
0x000064B3	LINE
0x000064B4	LINE
0x000064B5	LINE
0x000064B6	LINE
0x000064B7	LINE
0x000064B8	LINE
0x000064B9	LINE
0x000064BA	LINE
0x000064BB	LINE
0x000064BC	LINE
0x000064BD	LINE
0x000064BE	LINE
0x000064BF	LINE
0x000064C0	LINE
0x000064C1	LINE
0x000064C2	LINE
0x000064C3	LINE
0x000064C4	LINE
0x000064C5	LINE
0x000064C6	LINE
0x000064C7	LINE
0x000064C8	LINE
0x000064C9	LINE
0x000064CA	LINE
0x000064CB	LINE
0x000064CC	LINE
0x000064CD	LINE
0x000064CE	LINE
0x000064CF	LINE
0x000064D0	LINE
0x000064D1	LINE
0x000064D2	LINE
0x000064D3	LINE
0x000064D4	LINE
0x000064D5	LINE
0x000064D6	LINE
0x000064D7	LINE
0x000064D8	LINE
0x000064D9	LINE
0x000064DA	LINE
0x000064DB	LINE
0x000064DC	LINE
0x000064E0	TEXTIT
0x000064E1	TEXTIT
0x000064E2	TEXTIT
0x000064E3	TEXTIT
0x000064E4	TEXTIT
0x000064E5	TEXTIT
0x000064E6	TEXTIT
0x000064E7	TEXTIT
0x000064E8	TEXTIT
0x000064E9	TEXTIT
0x000064EA	TEXTIT
0x000064EB	TEXTIT
0x000064EC	LDL
0x000064EE	LDL
0x000064F3	INC
0x000064F5	INC
0x000064F7	DEC
0x000064F9	DEC
0x00006500	RS
0x00006501	RS
0x0000650B	LDL
0x0000650E	INC
0x00006510	INC
0x00006512	DEC
0x00006514	DEC
0x0000651B	RS
0x0000651C	RS
0x00006527	LDL
0x0000652C	LCALL
0x0000652D	LCALL
0x0000652E	LCALL
0x0000652F	LCALL
0x00006574	LDL
0x00006580	LCALL
0x00006581	LCALL
0x00006582	LCALL
0x00006583	LCALL
0x000065D1	CLRI
0x000065DD	INC
0x000066C0	INC
0x000066C6	DEC
0x000066D5	RS
0x000066D7	INC
0x000066DD	CLRI
0x000066E2	RS
0x000066E8	PUSHFL
0x000066E9	PUSHFL
0x000066EA	PUSHFL
0x000066EB	PUSHFL
0x000066EC	LDPI
0x000066F5	POPFL
0x000066F6	POPFL
0x000066F7	POPFL
0x000066F8	POPFL
0x00006706	PUSHFL
0x00006707	PUSHFL
0x00006708	PUSHFL
0x00006709	PUSHFL
0x0000670E	PUSHFL
0x0000670F	PUSHFL
0x00006710	PUSHFL
0x00006711	PUSHFL
0x00006716	PUSHFL
0x00006717	PUSHFL
0x00006718	PUSHFL
0x00006719	PUSHFL
0x0000671E	PUSHFL
0x0000671F	PUSHFL
0x00006720	PUSHFL
0x00006721	PUSHFL
0x0000672E	POPFL
0x0000672F	POPFL
0x00006730	POPFL
0x00006731	POPFL
0x00006734	PUSHFL
0x00006735	PUSHFL
0x00006736	PUSHFL
0x00006737	PUSHFL
0x0000673B	PUSHFL
0x0000673C	PUSHFL
0x0000673D	PUSHFL
0x0000673E	PUSHFL
0x00006756	CLRF
0x0000675E	POPFL
0x0000675F	POPFL
0x00006760	POPFL
0x00006761	POPFL
0x00006765	PUSHFL
0x00006766	PUSHFL
0x00006767	PUSHFL
0x00006768	PUSHFL
0x0000676C	PUSHFL
0x0000676D	PUSHFL
0x0000676E	PUSHFL
0x0000676F	PUSHFL
0x00006780	CLRI
0x00006791	INCM
0x00006792	INCM
0x00006793	INCM
0x000067A2	DECM
0x000067A3	DECM
0x000067A4	DECM
0x000067A9	LDL
0x000067B9	ORM
0x000067BA	ORM
0x000067BB	ORM
0x000067C4	LDL
0x000067D4	SLEEP
0x000067D5	SLEEP
0x000067D9	DIE
0x000067E4	CLRF
0x000067EE	LDP @_VECTORA
0x000067F1	SETDP
0x000067FD	LDPI
0x0000680A	SETC
0x0000680C	CLRC
0x0000680F	PUSHFL
0x00006810	PUSHFL
0x00006818	PUSHFL
0x00006819	PUSHFL
0x0000681F	LDPI
0x00006841	CLRC
0x00006843	SETC
0x00006849	POPFL
0x0000684A	POPFL
0x0000693C	CLRC
0x00006941	SETC
0x0000696D	LDP @_CAMERARAD+X
0x0000696F	SETDP
0x00006998	CLRC
0x000069EA	SETC
0x00006A0C	READADJ
0x00006A0D	READADJ
0x00006A14	LDL
0x00006A17	SLEEP
0x00006A18	SLEEP
0x00006A1C	SLEEP
0x00006A1D	SLEEP
0x00006A25	CREATE
0x00006A26	CREATE
0x00006A27	CREATE
0x00006A29	DIE
0x00006A2A	LDL
0x00006A31	SLEEP
0x00006A32	SLEEP
0x00006A42	SONDFX
0x00006A43	SONDFX
0x00006A44	SLEEP
0x00006A45	SLEEP
0x00006A47	DIE
0x00006A48	READADJ
0x00006A49	READADJ
0x00006A4C	SLEEP
0x00006A4D	SLEEP
0x00006A51	SLEEP
0x00006A52	SLEEP
0x00006A5A	CREATE
0x00006A5B	CREATE
0x00006A5C	CREATE
0x00006A5E	DIE
0x00006A67	SLEEP
0x00006A68	SLEEP
0x00006A6A	DIE
0x00006A73	LS
0x00006A8F	CLRC
0x00006AB6	CREATEC
0x00006AB7	CREATEC
0x00006AB8	CREATEC
0x0000704C	CLRC
0x00007059	CLRI
0x00007061	CLRF
0x00007075	CLRC
0x00007078	ERRON
0x00007079	ERRON
0x0000707A	ERRON
0x0000707B	ERRON
0x0000707C	ERRON
0x0000707D	ERRON
0x0000707E	ERRON
0x0000707F	ERRON
0x00007080	SETC
0x0000708A	LDP @_CAMERAPOS
0x00007091	SETDP
0x000070EF	CLRC
0x000070F2	SETC
0x00007100	ERRON
0x00007101	ERRON
0x00007102	ERRON
0x00007103	ERRON
0x00007104	ERRON
0x00007105	ERRON
0x00007106	ERRON
0x00007107	ERRON
0x00007116	ERRON
0x00007117	ERRON
0x00007118	ERRON
0x00007119	ERRON
0x0000711A	ERRON
0x0000711B	ERRON
0x0000711C	ERRON
0x0000711D	ERRON
0x0000713C	RS
0x0000713F	RS
0x00007142	RS
0x00007145	RS
0x00007148	RS
0x00007153	ERRON
0x00007154	ERRON
0x00007155	ERRON
0x00007156	ERRON
0x00007157	ERRON
0x00007158	ERRON
0x00007159	ERRON
0x0000715A	ERRON
0x00007166	CLRI
0x00007197	ERRON
0x00007198	ERRON
0x00007199	ERRON
0x0000719A	ERRON
0x0000719B	ERRON
0x0000719C	ERRON
0x0000719D	ERRON
0x0000719E	ERRON
0x000071B4	CLRI
0x0000731D	ERRON
0x0000731E	ERRON
0x0000731F	ERRON
0x00007320	ERRON
0x00007321	ERRON
0x00007322	ERRON
0x00007323	ERRON
0x00007324	ERRON
0x0000733D	CLRC
0x000073E1	LONGROUT
0x000073E3	CLRI
0x000073E4	LDP @DIPSW
0x000073E8	SETDP
0x000073E9	RS
0x00007403	SETADJ
0x00007404	SETADJ
0x00007406	SETADJ
0x00007407	SETADJ
0x00007409	SETADJ
0x0000740A	SETADJ
0x0000740C	SETADJ
0x0000740D	SETADJ
0x00007410	SETADJ
0x00007411	SETADJ
0x00007414	SETADJ
0x00007415	SETADJ
0x00007418	SETADJ
0x00007419	SETADJ
0x0000741C	SETADJ
0x0000741D	SETADJ
0x00007420	SETADJ
0x00007421	SETADJ
0x00007424	SETADJ
0x00007425	SETADJ
0x00007427	SETADJ
0x00007428	SETADJ
0x0000742A	SETADJ
0x0000742B	SETADJ
0x0000742D	SETADJ
0x0000742E	SETADJ
0x00007430	SETADJ
0x00007431	SETADJ
0x00007434	LDL
0x0000747B	LDL
0x0000748D	READADJ
0x0000748E	READADJ
0x00007495	READAUD
0x00007496	READAUD
0x00007498	READAUD
0x00007499	READAUD
0x000074A6	READAUD
0x000074A7	READAUD
0x000074B0	READAUD
0x000074B1	READAUD
0x000074B3	READAUD
0x000074B4	READAUD
0x000074C0	ORM
0x000074C1	ORM
0x000074C2	ORM
0x000074C3	ORM
0x000074C4	ORM
0x000074C5	ORM
0x000074D4	ORM
0x000074D5	ORM
0x000074D6	ORM
0x000074D7	ORM
0x000074D8	ORM
0x000074D9	ORM
0x000074EE	ORM
0x000074EF	ORM
0x000074F0	ORM
0x000074F1	ORM
0x000074F2	ORM
0x000074F3	ORM
0x00007500	ORM
0x00007501	ORM
0x00007502	ORM
0x00007503	ORM
0x00007504	ORM
0x00007505	ORM
0x0000750F	ORM
0x00007510	ORM
0x00007511	ORM
0x00007512	ORM
0x00007513	ORM
0x00007514	ORM
0x0000751E	ORM
0x0000751F	ORM
0x00007520	ORM
0x00007521	ORM
0x00007522	ORM
0x00007523	ORM
0x00007536	LDL
0x0000753B	CLRI
0x0000753F	READAUD
0x00007540	READAUD
0x0000754E	READAUD
0x0000754F	READAUD
0x00007569	READAUD
0x0000756A	READAUD
0x00007587	ORM
0x00007588	ORM
0x00007589	ORM
0x0000758A	ORM
0x0000758B	ORM
0x0000758C	ORM
0x0000758F	CLRI
0x000075A6	CLRI
0x000075C1	DEC
0x000075C7	READADJ
0x000075C8	READADJ
0x000075CC	LDL
0x000075D3	LDL
0x000075DB	READADJ
0x000075DC	READADJ
0x000075E0	READAUD
0x000075E1	READAUD
0x000075E3	READAUD
0x000075E4	READAUD
0x000075EF	ORM
0x000075F0	ORM
0x000075F1	ORM
0x000075F2	ORM
0x000075F3	ORM
0x000075F4	ORM
0x00007602	ORM
0x00007603	ORM
0x00007604	ORM
0x00007605	ORM
0x00007606	ORM
0x00007607	ORM
0x00007615	ORM
0x00007616	ORM
0x00007617	ORM
0x00007618	ORM
0x00007619	ORM
0x0000761A	ORM
0x0000761C	LDP @COUNTER_IDX
0x0000761E	INC
0x00007620	SETDP
0x00007623	LDP @COUNTER_IDX
0x00007624	CLRI
0x00007626	LDP @COUNTER_MODE
0x00007629	CLRI
0x0000762B	LDP @CMOS_WP_WORD_SHADOW
0x0000762E	LDP @COIN_COUNTER1
0x00007630	DEC
0x00007634	LDP @COIN_COUNTER2
0x00007636	DEC
0x0000763A	DINT
0x0000763B	DINT
0x0000763C	DINT
0x0000763D	DINT
0x0000763E	DINT
0x0000763F	DINT
0x00007640	LDP @CMOS_WP_WORD
0x00007642	LDP @CMOS_WP_WORD_SHADOW
0x00007644	EINT
0x00007645	SETDP
0x00007649	DINT
0x0000764A	DINT
0x0000764B	DINT
0x0000764C	DINT
0x0000764D	DINT
0x0000764E	DINT
0x0000764F	LDP @CMOS_WP_WORD_SHADOW
0x00007653	LDP @CMOS_WP_WORD
0x00007655	EINT
0x00007656	SETDP
0x00007662	ORM
0x00007663	ORM
0x00007664	ORM
0x00007665	ORM
0x00007666	ORM
0x00007667	ORM
0x0000766D	CLRI
0x00007686	INC
0x00007687	LS
0x0000768B	LS
0x0000768C	RS
0x00007694	CLRI
0x000076BC	CLRI
0x000076D5	INC
0x000076E7	INC
0x000076F6	CLRI
0x00007702	CLRI
0x0000771D	LS
0x0000771F	RS
0x00007721	RS
0x00007726	LS
0x0000772A	RS
0x0000772C	LS
0x0000772D	RS
0x00007731	RS
0x00007734	RS
0x00007737	LS
0x00007751	CLRI
0x0000776A	LS
0x0000776B	LS
0x00007778	RS
0x0000777A	RS
0x0000777C	RS
0x00007780	RS
0x0000778E	CLRI
0x00007793	CLRI
0x000077CA	LDL
0x00007992	DEC
0x0000799B	CLRI
0x0000799D	CLRF
0x000079A5	LDL
0x000079B1	LDL
0x000079BD	LDL
0x000079C9	LDL
0x000079D6	LDL
0x000079E2	LDL
0x000079EE	LDL
0x000079FA	LDL
0x00007A1F	LDL
0x00007A2B	LDL
0x00007A43	LDL
0x00007A51	CLRI
0x00007A52	CLRI
0x00007A55	CLRI
0x00007A66	LS
0x00007A6A	RS
0x00007A85	RS
0x00007A8C	CLRI
0x00007A8F	CLRI
0x00007AAA	LS
0x00007AAF	LS
0x00007AB3	LS
0x00007ABA	LS
0x00007ACF	RS
0x00007AEA	INC
0x00007B00	CLRI
0x00007B03	CLRI
0x00007B1C	CLRI
0x00007B1F	CLRI
0x00007B28	CLRI
0x00007B2B	CLRI
0x00007B3A	CLRI
0x00007F40	LDP @DIPRAM
0x00007F47	LS
0x00007F48	LDP @COMMDP
0x00007F4B	LS
0x00007F51	LDP @DIPRAM
0x00007F58	LDP @COMMINTM
0x00007F5A	LDP @COMMINTM
0x00007F5C	SETDP
0x00007F63	DINT
0x00007F64	DINT
0x00007F65	DINT
0x00007F66	DINT
0x00007F67	DINT
0x00007F68	DINT
0x00007F6C	RS
0x00007F70	LS
0x00007F77	LS
0x00007F7D	CLRI
0x00007F91	LS
0x00007F96	CLRI
0x00007F97	LDP @COMMPAL
0x00007F9A	SETDP
0x00007FA8	SETDP
0x00007FB8	LS
0x00007FC2	RS
0x00007FD3	LS
0x00007FD9	RS
0x00007FDD	LS
0x00007FDF	DINT
0x00007FE0	DINT
0x00007FE1	DINT
0x00007FE2	DINT
0x00007FE3	DINT
0x00007FE4	DINT
0x00007FE6	RS
0x00007FEA	LS
0x00007FED	LS
0x00007FF0	RS
0x00007FFC	LS
0x00008001	LS
0x00008006	LS
0x0000800B	LS
0x0000800F	DEC
0x00008015	LS
0x0000801C	LS
0x00008028	RS
0x0000802A	LS
0x0000802E	LS
0x0000802F	RS
0x00008031	LS
0x00008036	LS
0x00008039	CML1XX
0x0000803C	RS
0x00008041	LS
0x00008043	LDP COMM_IO
0x00008045	LS
0x00008054	LS
0x00008063	LS
0x00008064	LS
0x00008065	LS
0x00008066	RS
0x00008067	RS
0x00008068	RS
0x00008069	RS
0x00008074	DEC
0x00008075	SETDP
0x00008077	LDP @COMM_IO
0x00008078	CLRI
0x0000809B	RS
0x0000809E	RS
0x000080A1	RS
0x000080A4	LDP @COMM_MASTER_TRANSES
0x000080A5	INCM
0x000080A6	INCM
0x000080A7	INCM
0x000080A9	LS
0x000080AC	LS
0x000080AE	SETDP
0x000080B1	EINT
0x000080C1	LDP @COMM_MASTER_TRANSES
0x000080C2	INCM
0x000080C3	INCM
0x000080C4	INCM
0x000080C5	SETDP
0x000080CD	LDP @DIPRAM
0x000080D9	LDP @CPU_WS
0x000080DE	LDP @FIFO_CONTROL
0x000080F2	LDP @CPU_WS
0x000080FA	SETDP
0x000080FE	LS
0x00008112	LS
0x00008119	LS
0x00008123	DINT
0x00008124	DINT
0x00008125	DINT
0x00008126	DINT
0x00008127	DINT
0x00008128	DINT
0x0000812A	LS
0x0000812D	LS
0x0000812F	LDP @COMM_IO
0x0000813E	LS
0x0000814D	LS
0x0000814E	LS
0x0000814F	LS
0x00008150	RS
0x00008151	RS
0x00008152	RS
0x00008153	RS
0x0000815A	DEC
0x0000815D	SETDP
0x0000815F	LDP @COMM_IO
0x00008160	CLRI
0x00008183	RS
0x00008186	RS
0x00008189	RS
0x0000818C	SETDP
0x0000818E	LS
0x00008191	CML1S
0x00008194	RS
0x00008198	LS
0x0000819A	SETDP
0x000081A2	RS
0x000081AE	LS
0x000081B3	LS
0x000081B8	LS
0x000081BD	LS
0x000081C1	DEC
0x000081C7	LS
0x000081CE	LS
0x000081DA	RS
0x000081DC	LS
0x000081E0	LS
0x000081E1	RS
0x000081E3	LS
0x000081E8	CML1WT
0x000081EB	RS
0x000081EE	LDP @COMM_SLAVE_TRANSES
0x000081EF	INCM
0x000081F0	INCM
0x000081F1	INCM
0x000081F2	SETDP
0x000081F4	LS
0x000081F7	LS
0x000081FB	EINT
0x0000820A	LDP @COMM_SLAVE_ERROR_CNT
0x0000820B	INCM
0x0000820C	INCM
0x0000820D	INCM
0x0000820E	SETDP
0x0000821A	STPF
0x0000821B	CLRF
0x00008224	LDP @_CAMERAPOS+X
0x0000822E	SETDP
0x0000823D	RS
0x00008253	STPF
0x00008254	STPF
0x0000826A	LDP @_CAMERARAD
0x0000826C	SETDP
0x00008270	SETDP
0x00008272	LDP @_CAMERARAD
0x00008274	SETDP
0x00008297	LDP @FIFO_ADDR
0x00008298	LS
0x000082A2	LDP @FIFO_STATUS
0x000082A6	SETDP
0x000082D0	II33
0x000082EB	RS
0x000082EF	LS
0x000082F5	RS
0x000082F9	LS
0x000082FE	LDP @FIFO_INC
0x00008303	SETDP
0x0000831D	LDP @FIFO_INC
0x00008322	SETDP
0x0000832C	LDP @FIFO_STATUS
0x00008330	SETDP
0x0000834B	LDP @FIFO_INC
0x0000834E	SETDP
0x000083D8	LDP @HIGHVAL
0x000083E2	LDP @MATRIXAI
0x000083E6	LDP @SCRNHXI
0x000083EB	LDP @SCRNHYI
0x000083EE	DEC
0x000083F2	LDP @HIGHVAL
0x000083FC	LDP @MATRIXAI
0x00008400	LDP @SCRNHXI
0x00008405	LDP @SCRNHYI
0x0000840D	LDP @HIGHIVAL
0x00008411	LDP @LOIVAL
0x0000841C	LDP @CAMERAMATRIXI
0x0000841F	LDP @_MATRIXA
0x00008423	LDP @_CAMERAMATRIX
0x00008426	SETDP
0x00008427	LDP @INFVAL
0x0000842A	LDP @INFPROJ
0x00008435	LDP @FIFO_ADDR
0x00008436	LS
0x0000843D	LDP @FIFO_STATUS
0x00008442	SETDP
0x0000845D	LDIL
0x0000845E	LDIL
0x0000845F	LDIL
0x00008461	LDP @FIFO_INC
0x00008464	SETDP
0x0000859B	CREATEC
0x0000859C	CREATEC
0x0000859D	CREATEC
0x00008658	SLEEP
0x00008659	SLEEP
0x00008660	DIE
0x000086B3	CREATEC
0x000086B4	CREATEC
0x000086B5	CREATEC
0x000086F5	CREATEC
0x000086F6	CREATEC
0x000086F7	CREATEC
0x00008718	SETC
0x0000871A	CLRC
0x00008E7A	LDP @DMA_SETUP
0x00008E7F	SETDP
0x00008E85	LDP @DMA_SETUP
0x00008E8A	SETDP
0x00008E8F	LDP @DMA_SETUP
0x00008E93	SETDP
0x00008E9E	RS
0x00008EC4	LDP @COMMINTM
0x00008EC6	SETDP
0x00008EC8	LDP @CPU_WS
0x00008ED0	LDP @CPU_WS
0x00008EEB	PUSHFL
0x00008EEC	PUSHFL
0x00008EF5	POPFL
0x00008EF6	POPFL
0x00008F35	SETC
0x00008F39	CLRC
0x00008F42	SETC
0x00008F45	CLRC
0x00009032	CLRI
0x00009034	SETC
0x00009037	CLRC
0x0000904A	STPI
0x00009052	INCM
0x00009053	INCM
0x00009054	INCM
0x00009055	SETC
0x00009058	CLRC
0x0000905F	DEC
0x00009064	SLEEP
0x00009065	SLEEP
0x00009067	SLEEP
0x00009068	SLEEP
0x0000909E	PUSHFL
0x0000909F	PUSHFL
0x000090A6	POPFL
0x000090A7	POPFL
0x000090B3	FLOATP
0x00009107	INC
0x0000911A	CLRI
0x00009121	CREATE
0x00009122	CREATE
0x00009123	CREATE
0x0000914D	CLRI
0x00009151	LS
0x0000915D	LDP @SYSCNTLR
0x00009163	SETDP
0x00009166	LDP @SOUND
0x00009169	STPI
0x00009190	CLRI
0x000091A1	CLRI
0x000091A7	RS
0x000091E0	SETC
0x000091E7	CLRC
0x000091EC	SOND1
0x000091ED	SOND1
0x000091F1	SOND1
0x000091F2	SOND1
0x000091F3	SETC
0x000091F5	CLRC
0x000091F8	LS
0x000091FE	CLRI
0x00009204	LS
0x00009205	RS
0x00009212	RS
0x00009226	RS
0x0000922E	CLRI
0x00009239	LDP @IN_RESET_MODE
0x0000923B	SETDP
0x00009240	LDL
0x00009241	PUSHM
0x00009242	PUSHM
0x00009243	DINT
0x00009244	DINT
0x00009245	DINT
0x00009246	DINT
0x00009247	DINT
0x00009248	DINT
0x00009249	LDP @SOUND
0x0000924B	RS
0x00009268	SETDP
0x0000926B	POPM
0x0000926C	POPM
0x0000926F	DINT
0x00009270	DINT
0x00009271	DINT
0x00009272	DINT
0x00009273	DINT
0x00009274	DINT
0x00009275	LDP @RESET_TIMER
0x00009277	INC
0x00009279	SETDP
0x00009280	LDP @SYSCNTLR
0x00009283	LDP @SOUND
0x00009286	STPI
0x0000929D	LDP @SYSCNTLR
0x0000929F	SETDP
0x000092A1	LDP @SOUND
0x000092A4	STPI
0x000092BB	LDL
0x000092BC	LDP @SOUND
0x000092CA	CLRI
0x000092CB	LDP @IN_RESET_MODE
0x000092CD	SETDP
0x000092CE	READADJ
0x000092CF	READADJ
0x000092D2	SETDP
0x000092D5	LDP @RESET_TIMER
0x000092D9	SETDP
0x000092DB	LDP @IN_RESET_MODE
0x000092DD	SETDP
0x000092E6	DEC
0x000092EA	DEC
0x000092F9	INC
0x000092FC	RS
0x00009301	CLRI
0x00009309	CLRI
0x0000930A	LDIL
0x0000930B	LDIL
0x0000930C	LDIL
0x00009323	LS
0x00009325	LS
0x0000932D	LDP @_CAMERARAD
0x0000932E	CLRF
0x00009339	SETDP
0x00009341	READADJ
0x00009342	READADJ
0x00009345	CLRF
0x00009348	CLRI
0x0000934C	CREATE
0x0000934D	CREATE
0x0000934E	CREATE
0x00009352	CLRI
0x00009353	LDP @SWITCH3
0x00009356	SETDP
0x00009367	SLEEP
0x00009368	SLEEP
0x00009379	CREATE
0x0000937A	CREATE
0x0000937B	CREATE
0x00009384	CREATE
0x00009385	CREATE
0x00009386	CREATE
0x00009387	CREATE
0x00009388	CREATE
0x00009389	CREATE
0x0000938E	CLRI
0x00009392	CREATE
0x00009393	CREATE
0x00009394	CREATE
0x00009396	CREATE
0x00009397	CREATE
0x00009398	CREATE
0x0000939D	LDL
0x000093A1	CREATE
0x000093A2	CREATE
0x000093A3	CREATE
0x000093A4	CREATE
0x000093A5	CREATE
0x000093A6	CREATE
0x000093A8	CLRI
0x000093AC	CREATE
0x000093AD	CREATE
0x000093AE	CREATE
0x000093B4	CREATE
0x000093B5	CREATE
0x000093B6	CREATE
0x000093B7	CREATE
0x000093B8	CREATE
0x000093B9	CREATE
0x000093BD	CREATE
0x000093BE	CREATE
0x000093BF	CREATE
0x000093C6	LDL
0x000093CE	CREATE
0x000093CF	CREATE
0x000093D0	CREATE
0x000093D9	CLRI
0x00009506	LDL
0x00009508	LDL
0x0000950A	LDL
0x0000950C	LDL
0x0000950E	LDL
0x00009510	LDL
0x00009512	LDL
0x00009514	LDL
0x00009516	LDL
0x00009518	LDL
0x0000951A	LDL
0x0000951C	LDL
0x0000951E	LDL
0x00009520	LDL
0x00009522	LDL
0x00009524	LDL
0x00009526	LDL
0x00009528	LDL
0x0000952A	LDL
0x00009558	LS
0x00009559	RS
0x00009563	LS
0x00009564	RS
0x000095D0	CLRF
0x000095E3	CLRF
0x00009602	CLRF
0x0000961D	CLRF
0x00009665	CLRF
0x00009962	READAUD
0x00009963	READAUD
0x00009967	SETADJ
0x00009968	SETADJ
0x0000996B	LDP @CPU_WS
0x00009971	LDP @CPU_WS
0x00009977	LDP @CMOS_WP_WORD_SHADOW
0x0000997A	LDP @CMOS_WP_WORD
0x0000997F	LDP @CMOS_WP_WORD_SHADOW
0x00009982	LDP @CMOS_WP_WORD
0x00009987	READAUD
0x00009988	READAUD
0x0000998E	SETAUD
0x0000998F	SETAUD
0x00009990	READAUD
0x00009991	READAUD
0x00009997	SETAUD
0x00009998	SETAUD
0x0000999B	CLRC
0x000099A4	CLRI
0x000099B4	CLRI
0x000099B5	LDL
0x000099C2	NORST
0x000099D5	CLRI
0x000099D6	LDL
0x000099DC	INC
0x000099E0	LDL
0x000099EB	SETAUD
0x000099EC	SETAUD
0x000099F8	CLRI
0x000099F9	CLRI
0x000099FD	INC
0x00009A05	LS
0x00009A0D	LS
0x00009A14	LS
0x00009A1F	LS
0x00009A25	CMOS_ON
0x00009A28	RS
0x00009A29	LS
0x00009A2B	RS
0x00009A2D	LS
0x00009A2F	RS
0x00009A31	LS
0x00009A33	RS
0x00009A35	CMOS_OFF
0x00009A3B	CMOS_ON
0x00009A3C	CMOS_WP_OFF
0x00009A3F	LS
0x00009A41	LS
0x00009A43	LS
0x00009A45	CMOS_WP_ON
0x00009A46	CMOS_OFF
0x00009A4C	CMOS_ON
0x00009A4F	RS
0x00009A51	RS
0x00009A52	LS
0x00009A55	RS
0x00009A56	LS
0x00009A59	RS
0x00009A5A	LS
0x00009A5C	CMOS_OFF
0x00009A63	LS
0x00009A64	CMOS_ON
0x00009A65	CMOS_WP_OFF
0x00009A69	RS
0x00009A6A	LS
0x00009A6D	RS
0x00009A6E	LS
0x00009A70	RS
0x00009A71	LS
0x00009A73	CMOS_WP_ON
0x00009A74	CMOS_OFF
0x00009AC4	CLRI
0x00009AC6	CLRI
0x00009AC8	LDL
0x00009ACE	INC
0x00009AD0	INC
0x00009AD4	CLRI
0x00009AD6	CLRI
0x00009AD8	LDL
0x00009AF6	INC
0x00009AF8	INC
0x00009B0F	RS
0x00009B11	RS
0x00009B13	RS
0x00009B1F	CMOS_ON
0x00009B20	CMOS_WP_OFF
0x00009B22	LS
0x00009B24	LS
0x00009B26	LS
0x00009B28	LS
0x00009B2A	CMOS_WP_ON
0x00009B2B	CMOS_OFF
0x00009B33	CMOS_ON
0x00009B34	CMOS_WP_OFF
0x00009B36	RS
0x00009B38	RS
0x00009B3A	RS
0x00009B3C	RS
0x00009B3E	CMOS_WP_ON
0x00009B3F	CMOS_OFF
0x00009B45	CLRI
0x00009B48	CLRI
0x00009B4C	INC
0x00009B60	DEC
0x00009D13	SLEEP
0x00009D14	SLEEP
0x00009D1A	SLEEP
0x00009D1B	SLEEP
0x00009D1D	CLRI
0x00009D1F	DIE
0x00009D24	SLEEP
0x00009D25	SLEEP
0x00009D29	DIE
0x00009D2C	READAUD
0x00009D2D	READAUD
0x00009D3B	ORM
0x00009D3C	ORM
0x00009D3D	ORM
0x00009D3E	ORM
0x00009D3F	ORM
0x00009D40	ORM
0x00009D4A	LDL
0x00009D50	ORM
0x00009D51	ORM
0x00009D52	ORM
0x00009D53	ORM
0x00009D54	ORM
0x00009D55	ORM
0x00009D57	LDL
0x00009D5D	ORM
0x00009D5E	ORM
0x00009D5F	ORM
0x00009D60	ORM
0x00009D61	ORM
0x00009D62	ORM
0x00009D64	LDL
0x00009D6A	ORM
0x00009D6B	ORM
0x00009D6C	ORM
0x00009D6D	ORM
0x00009D6E	ORM
0x00009D6F	ORM
0x00009D70	LDL
0x00009D79	LDL
0x00009D80	LDL
0x00009D91	LDL
0x00009D97	READAUD
0x00009D98	READAUD
0x00009D9B	LDL
0x00009DA2	LDL
0x00009DA8	LDL
0x00009DB8	ORM
0x00009DB9	ORM
0x00009DBA	ORM
0x00009DBB	LDL
0x00009DCA	SOND1
0x00009DCB	SOND1
0x00009DD3	SOND1
0x00009DD4	SOND1
0x00009DD5	READAUD
0x00009DD6	READAUD
0x00009DE7	ORM
0x00009DE8	ORM
0x00009DE9	ORM
0x00009DEA	ORM
0x00009DEB	ORM
0x00009DEC	ORM
0x00009DED	LDL
0x00009DF7	LDL
0x00009E23	DEC
0x00009E26	INC
0x00009E2E	DEC
0x00009E31	INC
0x00009E4D	LDL
0x00009E4E	LDL
0x00009E5D	LDL
0x00009E5F	CLRI
0x00009E67	LDL
0x00009E6C	CLRI
0x00009E6D	LDL
0x00009E8C	CLRI
0x00009E9D	CLRI
0x00009EAD	LDP @PTTRAMI
0x00009EB2	LDP @PALRAMI
0x00009EB6	LDP @RAWLOCSI
0x00009EBA	LDP @PALLISTI
0x00009EC2	CLRI
0x00009EC3	LDP @PALXFER_ACTIVE
0x00009ECA	INC
0x00009ED4	LS
0x00009ED5	RS
0x00009EDD	RS
0x00009EF0	LDP @PALROMI
0x00009EF9	SETC
0x00009EFA	LDP @PALLISTI
0x00009F00	CLRC
0x00009F03	SETC
0x00009F08	LDP @RAWLOCSI
0x00009F10	CLRC
0x00009F14	SETC
0x00009F18	RS
0x00009F19	LDP @RAWLOCSI
0x00009F1C	CLRI
0x00009F1E	LDP @PALRAMI
0x00009F21	CLRI
0x00009F25	PUSHM
0x00009F26	PUSHM
0x00009F27	PUSHM
0x00009F28	PUSHM
0x00009F29	PUSHM
0x00009F31	LDP @PALRAMI
0x00009F38	ERRON
0x00009F39	ERRON
0x00009F3A	ERRON
0x00009F3B	ERRON
0x00009F3C	ERRON
0x00009F3D	ERRON
0x00009F3E	ERRON
0x00009F3F	ERRON
0x00009F42	LDP PALROMI
0x00009F54	POPM
0x00009F55	POPM
0x00009F56	POPM
0x00009F57	POPM
0x00009F58	POPM
0x00009F5A	PUSHM
0x00009F5B	PUSHM
0x00009F5C	PUSHM
0x00009F5D	PUSHM
0x00009F5E	PUSHM
0x00009F5F	LDP @PALRAMI
0x00009F66	ERRON
0x00009F67	ERRON
0x00009F68	ERRON
0x00009F69	ERRON
0x00009F6A	ERRON
0x00009F6B	ERRON
0x00009F6C	ERRON
0x00009F6D	ERRON
0x00009F7D	LDP @RAWLOCSI
0x00009F81	POPM
0x00009F82	POPM
0x00009F83	POPM
0x00009F84	POPM
0x00009F85	POPM
0x00009F89	DINT
0x00009F8A	DINT
0x00009F8B	DINT
0x00009F8C	DINT
0x00009F8D	DINT
0x00009F8E	DINT
0x00009FA0	CLRI
0x00009FCC	LDP @PALLISTI
0x00009FD1	RS
0x00009FD2	LS
0x00009FD9	LDP @PALRAMI
0x00009FE6	PUSHFL
0x00009FE7	PUSHFL
0x00009FE8	PUSHFL
0x00009FE9	PUSHFL
0x00009FF6	RS
0x00009FFB	LS
0x00009FFE	RS
0x0000A003	LS
0x0000A006	RS
0x0000A00D	RS
0x0000A012	LS
0x0000A015	RS
0x0000A01A	LS
0x0000A01D	LS
0x0000A026	POPFL
0x0000A027	POPFL
0x0000A028	POPFL
0x0000A029	POPFL
0x0000A2DC	IFI
0x0000A2DD	IFI
0x0000A2F6	INC
0x0000A2F8	CLRI
0x0000A2F9	CLRI
0x0000A2FF	CLRI
0x0000A302	CLRI
0x0000A309	LDP @COMMINTM
0x0000A30B	SETDP
0x0000A30E	LDP @CPU_WS
0x0000A319	SETDP
0x0000A322	CLRI
0x0000A323	CLRI
0x0000A325	FIFO_CLRP
0x0000A326	FIFO_CLRP
0x0000A327	FIFO_CLRP
0x0000A328	FIFO_CLRP
0x0000A329	FIFO_CLRP
0x0000A32A	DMA_WT
0x0000A32B	DMA_WT
0x0000A32C	DMA_WT
0x0000A32D	DMA_WT
0x0000A32E	DMA_WT
0x0000A331	STPI
0x0000A332	CLRI
0x0000A333	STPI
0x0000A336	CLRI
0x0000A339	CLRI
0x0000A33A	CLRI
0x0000A33B	CLRI
0x0000A350	FIFO_CLRP
0x0000A351	FIFO_CLRP
0x0000A352	FIFO_CLRP
0x0000A353	FIFO_CLRP
0x0000A354	FIFO_CLRP
0x0000A355	DMA_WT
0x0000A356	DMA_WT
0x0000A357	DMA_WT
0x0000A358	DMA_WT
0x0000A359	DMA_WT
0x0000A35B	CLRI
0x0000A35C	STPI
0x0000A362	STPI
0x0000A365	IFI
0x0000A366	IFI
0x0000A375	INC
0x0000A379	LDP @DECODE_STACKI
0x0000A37B	CLRI
0x0000A381	IFI
0x0000A382	IFI
0x0000A386	INC
0x0000A397	INC
0x0000A399	CLRI
0x0000A39A	STPI
0x0000A39B	STPI
0x0000A39F	LDP @SAVESPC
0x0000A3CC	LDP @SAVESPC
0x0000A3E6	STPI
0x0000A3EA	STPI
0x0000A3F5	CREATE
0x0000A3F6	CREATE
0x0000A3F7	CREATE
0x0000A402	SLEEP
0x0000A403	SLEEP
0x0000A408	DIE
0x0000A42C	SLEEP
0x0000A42D	SLEEP
0x0000A450	RANDN
0x0000A451	RANDN
0x0000A45B	LDP @_VECTORA
0x0000A466	SETDP
0x0000A46E	CLRI
0x0000A472	RANDN
0x0000A473	RANDN
0x0000A478	RANDN
0x0000A479	RANDN
0x0000A487	DEC
0x0000A490	RANDN
0x0000A491	RANDN
0x0000A496	IFI
0x0000A497	IFI
0x0000A49A	IFI
0x0000A49B	IFI
0x0000A49E	IFI
0x0000A49F	IFI
0x0000A4A2	IFI
0x0000A4A3	IFI
0x0000A4AB	CLRI
0x0000A4AD	CREATEC
0x0000A4AE	CREATEC
0x0000A4AF	CREATEC
0x0000A4D7	RS
0x0000A4D9	SUBPI
0x0000A4EC	FLOATP
0x0000A4F1	LDP @_VECTORA
0x0000A4F8	SETDP
0x0000A516	SLEEP
0x0000A517	SLEEP
0x0000A519	CREATEC
0x0000A51A	CREATEC
0x0000A51B	CREATEC
0x0000A520	DEC
0x0000A523	CREATEC
0x0000A524	CREATEC
0x0000A525	CREATEC
0x0000A528	RS
0x0000A52C	CLRF
0x0000A530	SLEEP
0x0000A531	SLEEP
0x0000A755	SLEEP
0x0000A756	SLEEP
0x0000A762	PUSHFL
0x0000A763	PUSHFL
0x0000A766	LDL
0x0000A769	POPFL
0x0000A76A	POPFL
0x0000A76B	LDL
0x0000A783	CLRI
0x0000A788	CLRI
0x0000A797	CLRI
0x0000A79B	CLRI
0x0000A79D	CLRI
0x0000A7A3	INC
0x0000A7AD	INC
0x0000A7AE	CLRI
0x0000A7AF	CLRI
0x0000A7BB	CLRI
0x0000A7BC	CLRI
0x0000A7BD	DALOP
0x0000A7E3	CLRI
0x0000A7EC	INC
0x0000A7ED	RS
0x0000A7EF	CLRI
0x0000A7F0	CLRI
0x0000A7F8	CLRI
0x0000A7F9	CLRI
0x0000A7FA	HDALOP
0x0000A815	INC
0x0000A81A	INC
0x0000A822	CLRI
0x0000A825	CLRI
0x0000A834	LS
0x0000A842	NPLOT
0x0000A843	DEC
0x0000A846	INC
0x0000A847	DEC
0x0000A853	LDP @COMMINTM
0x0000A855	SETDP
0x0000A856	LDP @CPU_WS
0x0000A85B	SETDP
0x0000A860	LDP @CPU_WS
0x0000A865	SETDP
0x0000A872	ERRON
0x0000A873	ERRON
0x0000A874	ERRON
0x0000A875	ERRON
0x0000A876	ERRON
0x0000A877	ERRON
0x0000A878	ERRON
0x0000A879	ERRON
0x0000A87A	SETC
0x0000A890	CLRC
0x0000A8A1	SETDP
0x0000A8C8	ERRON
0x0000A8C9	ERRON
0x0000A8CA	ERRON
0x0000A8CB	ERRON
0x0000A8CC	ERRON
0x0000A8CD	ERRON
0x0000A8CE	ERRON
0x0000A8CF	ERRON
0x0000A8DA	ERRON
0x0000A8DB	ERRON
0x0000A8DC	ERRON
0x0000A8DD	ERRON
0x0000A8DE	ERRON
0x0000A8DF	ERRON
0x0000A8E0	ERRON
0x0000A8E1	ERRON
0x0000A8E6	ERRON
0x0000A8E7	ERRON
0x0000A8E8	ERRON
0x0000A8E9	ERRON
0x0000A8EA	ERRON
0x0000A8EB	ERRON
0x0000A8EC	ERRON
0x0000A8ED	ERRON
0x0000A951	ERRON
0x0000A952	ERRON
0x0000A953	ERRON
0x0000A954	ERRON
0x0000A955	ERRON
0x0000A956	ERRON
0x0000A957	ERRON
0x0000A958	ERRON
0x0000AB5A	SETDP
0x0000AB5B	READAUD
0x0000AB5C	READAUD
0x0000AB5D	INC
0x0000AB61	SETAUD
0x0000AB62	SETAUD
0x0000AB63	DEC
0x0000AB88	READAUD
0x0000AB89	READAUD
0x0000AB8E	READAUD
0x0000AB8F	READAUD
0x0000ABAB	LDIL
0x0000ABAC	LDIL
0x0000ABAD	LDIL
0x0000ABB0	TEXTITT
0x0000ABB1	TEXTITT
0x0000ABB2	TEXTITT
0x0000ABB3	TEXTITT
0x0000ABB4	TEXTITT
0x0000ABB5	TEXTITT
0x0000ABB6	TEXTITT
0x0000ABB7	TEXTITT
0x0000ABB8	TEXTITT
0x0000ABB9	TEXTITT
0x0000ABBA	TEXTITT
0x0000ABBB	TEXTITT
0x0000ABBF	CLRI
0x0000ABC1	IWINDOW
0x0000ABC2	IWINDOW
0x0000ABC3	IWINDOW
0x0000ABC4	IWINDOW
0x0000ABC5	IWINDOW
0x0000ABC8	READAUD
0x0000ABC9	READAUD
0x0000ABCD	TEXTITT
0x0000ABCE	TEXTITT
0x0000ABCF	TEXTITT
0x0000ABD0	TEXTITT
0x0000ABD5	READAUD
0x0000ABD6	READAUD
0x0000ABE1	INC
0x0000ABEC	LDL
0x0000AC04	INC
0x0000AC05	DEC
0x0000AC0C	RS
0x0000AC10	CLRI
0x0000AC11	SETAUD
0x0000AC12	SETAUD
0x0000AC1A	READAUD
0x0000AC1B	READAUD
0x0000AC24	RS
0x0000AD35	INCM
0x0000AD36	INCM
0x0000AD37	INCM
0x0000AD3B	INCM
0x0000AD3C	INCM
0x0000AD3D	INCM
0x0000AD45	SONDFX
0x0000AD46	SONDFX
0x0000AD52	CREATE
0x0000AD53	CREATE
0x0000AD54	CREATE
0x0000AD55	CLRI
0x0000AD5B	CLRI
0x0000AD8A	SONDFX
0x0000AD8B	SONDFX
0x0000AD8D	SONDFX
0x0000AD8E	SONDFX
0x0000AD90	SONDFX
0x0000AD91	SONDFX
0x0000AD93	SONDFX
0x0000AD94	SONDFX
0x0000AD96	SONDFX
0x0000AD97	SONDFX
0x0000AD99	SONDFX
0x0000AD9A	SONDFX
0x0000AD9C	SONDFX
0x0000AD9D	SONDFX
0x0000ADA2	LDIL
0x0000ADA3	LDIL
0x0000ADA4	LDIL
0x0000ADB3	LDL
0x0000AE62	CLRC
0x0000AE65	SETC
0x0000AE71	LS
0x0000AE79	CLRF
0x0000AEA9	DEC
0x0000AEC0	CLRF
0x0000AEF8	SLEEP
0x0000AEF9	SLEEP
0x0000AF0D	LDP @FIFO_STATUS
0x0000AF11	SETDP
0x0000AF12	FIFO_WT
0x0000AF13	FIFO_WT
0x0000AF14	FIFO_WT
0x0000AF15	FIFO_WT
0x0000AF16	FIFO_WT
0x0000AF17	LDP @FIFO_ADDR
0x0000AF18	LS
0x0000AF43	PUSHM
0x0000AF44	PUSHM
0x0000AF45	PUSHM
0x0000AF46	PUSHM
0x0000AF47	PUSHM
0x0000AF48	PUSHM
0x0000AF49	PUSHM
0x0000AF4A	PUSHM
0x0000AF4B	PUSHM
0x0000AF4C	PUSHM
0x0000AF4D	PUSHM
0x0000AF4E	PUSHM
0x0000AF50	RS
0x0000AF53	RS
0x0000AF66	RS
0x0000AF6B	POPM
0x0000AF6C	POPM
0x0000AF6D	POPM
0x0000AF6E	POPM
0x0000AF6F	POPM
0x0000AF70	POPM
0x0000AF71	POPM
0x0000AF72	POPM
0x0000AF73	POPM
0x0000AF74	POPM
0x0000AF75	POPM
0x0000AF76	POPM
0x0000AF78	PUSHM
0x0000AF79	PUSHM
0x0000AF7A	PUSHM
0x0000AF7F	POPM
0x0000AF80	POPM
0x0000AF81	POPM
0x0000AF85	CLRI
0x0000AF86	STPI
0x0000AF8D	LS
0x0000AF98	LDPI
0x0000AFB6	LDPI
0x0000B00F	CLRF
0x0000B032	PUSHM
0x0000B033	PUSHM
0x0000B035	LDP @WHEEL
0x0000B04F	LDP @CONST+0
0x0000B05D	LDP @CONST+1
0x0000B061	LDP @CONST+2
0x0000B064	LDP @CONST+3
0x0000B067	LDP @CONST+4
0x0000B06A	LDP @CONST+5
0x0000B074	LDP @CONST+6
0x0000B077	LDP @CONST+0
0x0000B086	LDP @CONST+1
0x0000B08A	LDP @CONST+2
0x0000B08D	LDP @CONST+3
0x0000B090	LDP @CONST+4
0x0000B093	LDP @CONST+5
