module	total_instruction_lines	covered_instruction_lines	uncovered_instruction_lines	coverage_pct	walk_complete	uncovered_ranges	walk_ranges
BONUS	1329	1329	0	100.00	yes		
CMOS	475	475	0	100.00	yes		
COLLA	2374	2374	0	100.00	yes		
COMM	698	698	0	100.00	yes		
COMP	278	278	0	100.00	yes		
CUSA	1196	1196	0	100.00	yes		
DELTA	144	144	0	100.00	yes		
DIRQ	1439	1439	0	100.00	yes		
ERROR	200	200	0	100.00	yes		
FONT1A	268	268	0	100.00	yes		
HPMATH	81	81	0	100.00	yes		
HUD	348	348	0	100.00	yes		
INFIN	465	465	0	100.00	yes		
LINE	206	206	0	100.00	yes		
OBJ	765	765	0	100.00	yes		
OVERLAY	138	138	0	100.00	yes		
PALL	348	348	0	100.00	yes		
PLYR	2065	2065	0	100.00	yes		
ROADBLCK	108	108	0	100.00	yes		
SIGMA	249	249	0	100.00	yes		
WHEEL	87	87	0	100.00	yes		
SND	531	486	45	91.53	no	63-69, 71-75, 77-81, 83-87, 90-92, 98-100, 103-104, 107-108, 123-125, 153-157, 160-164	
MATH	558	505	53	90.50	no	359-379, 1118-1119, 1122-1130, 1132-1140, 1142-1150, 1152-1154	
MPROC	213	187	26	87.79	no	49, 452-456, 458-459, 461-466, 468-469, 521, 528-530, 535-536, 560-563	
ROUTS	278	236	42	84.89	no	69-71, 73-74, 76, 82-84, 96-100, 105-107, 109-111, 113-115, 117-119, 121, 128-131, 136-138, 144-145, 147-150, 707-708	
AUDITS	108	91	17	84.26	no	65-70, 72, 74, 76-77, 89-93, 95-96	
BACKGRND	1277	1049	228	82.15	no	1357-1359, 1362-1364, 1366-1369, 1371-1373, 1375-1377, 1379-1381, 1384-1389, 1392-1393, 1395-1396, 1398-1401, 1403-1405, 1407-1409, 1411-1413, 1418-1421, 1423-1426, 1429-1432, 1434-1437, 1440-1442, 1444-1446, 1448-1452, 1458-1463, 1465, 1472-1480, 1484-1492, 1516-1521, 1523-1526, 1532-1537, 1539-1542, 1550-1555, 1557, 1559-1573, 1586, 1588-1590, 1592-1597, 1607-1610, 1612-1613, 1615-1616, 1618-1620, 1622-1624, 1626-1632, 1634-1635, 1637-1638, 1640-1641, 1643, 1656-1660, 1662-1663, 1665-1668, 1670-1671, 1673-1675, 1678, 1712-1717, 1719-1723, 1725-1726, 1728-1729, 1731-1745, 1747-1749, 1752-1755	
DIAG	2092	1715	377	81.98	no	2503-2508, 2510-2511, 2513, 2523-2528, 2530-2531, 2533, 2541-2542, 2544-2546, 2548-2550, 2559-2560, 2562-2564, 2566-2568, 2577-2578, 2580-2582, 2584-2586, 2593-2594, 2596-2598, 2600-2602, 2609-2610, 2612-2614, 2616-2618, 2624-2625, 2627-2629, 2631-2633, 2647-2648, 2650-2654, 2656-2658, 2675-2678, 2680-2683, 2685-2686, 2688, 2849-2850, 2852-2855, 2857-2859, 2861-2863, 2902-2903, 2905-2908, 2910-2912, 2914-2916, 2921-2927, 2939-2940, 2942-2945, 2947-2948, 2950-2952, 2957-2960, 2962-2966, 2974-2975, 2977-2980, 2982-2983, 2985-2987, 2990-2996, 3004-3005, 3007-3010, 3012-3013, 3015-3017, 3029-3032, 3034-3037, 3039-3040, 3043-3047, 3052-3058, 3088, 3293-3295, 3297-3301, 3303-3310, 3313, 3331-3336, 3338-3340, 3342-3344, 3346-3349, 3351-3353, 3355-3356, 3358-3362, 3364, 3366, 3370-3372, 3374-3376, 3378, 3403-3407, 3805-3807, 3810-3815, 3817-3829, 3835-3837, 3840-3845, 3847-3859, 3865-3868, 3874-3876, 3878-3883, 3885-3887, 3889-3891, 3893-3895, 3897-3899, 3901, 3909-3911, 3914-3919, 3921-3923, 3925-3927, 3929-3931, 3933-3935, 3937, 3944-3946, 3948-3953, 3956-3964, 3966, 3968-3970, 3972-3977, 3979-3987, 3991	
HSTDP	1841	1504	337	81.69	no	109-111, 113, 115-116, 118, 120-124, 126-127, 131-132, 134-135, 137-138, 140-141, 143-146, 148-150, 152-153, 155-161, 163-167, 170, 172-173, 177-178, 181-183, 185-186, 188-190, 192-193, 195, 197, 199-200, 202-205, 207-208, 213-215, 217-222, 224-236, 238-239, 242-250, 252-258, 260, 263-265, 267-269, 271-272, 274-282, 286-287, 296-305, 307-309, 312-317, 319-322, 324, 326-327, 329-331, 333-339, 341-343, 345-352, 354, 356, 359-360, 363-364, 368-370, 372-374, 377-379, 381-382, 387-390, 392-393, 395-397, 399-400, 402-404, 406-411, 413-414, 417-418, 420, 422, 426-434, 436-438, 440-443, 445, 460-463, 466-469, 471-476, 478, 482-486, 488, 490, 492-494, 497-498, 505-510, 514-518, 522-534, 1714-1717, 1719-1731, 1733, 2807-2815, 2817-2827, 2830-2831, 2837-2841, 2843-2846, 2848, 3004	
MEMTEST	539	427	112	79.22	no	228-233, 236-242, 245, 247-256, 258-262, 924-931, 933-934, 936-937, 941-942, 946-949, 951-952, 954, 956-958, 963-964, 966-967, 969-970, 973-975, 978, 980, 982-984, 986-990, 992-994, 997-1000, 1004, 1007, 1009-1015, 1018-1019, 1029-1031, 1033, 1035-1038, 1040, 1067-1079	
TEXT	578	436	142	75.43	no	89, 91-96, 101-103, 105-107, 109-111, 113, 115-116, 118-120, 124, 357-358, 360-361, 363-365, 367-369, 870, 872, 874-876, 879-881, 883-885, 887-890, 892-895, 901-907, 909-917, 920-922, 925-936, 938, 944-948, 950-951, 953-954, 956-958, 960-964, 966-969, 971-977, 979-982, 984-985, 987-988, 990-995, 997-998, 1000-1003, 1005-1006, 1008-1011, 1014-1015, 1018-1019	
MOTION	1123	815	308	72.57	no	680-681, 683-684, 686-687, 690, 693-694, 697-698, 701, 703-704, 706-707, 709-710, 712, 714-715, 717-719, 722-730, 732-733, 737-738, 740-743, 745-746, 748-751, 753-754, 756-759, 761-769, 771-781, 783-795, 798-800, 807-809, 813-817, 819-822, 824, 983, 985-996, 1001-1002, 1004-1005, 1014-1018, 1020-1022, 1027-1030, 1032-1035, 1037-1042, 1044-1048, 1051-1053, 1055-1056, 1058-1059, 1061-1062, 1067-1073, 1075, 1085-1086, 1088-1089, 1091-1092, 1094-1096, 1101-1103, 1105-1106, 1112-1114, 1116-1117, 1121-1126, 1128-1132, 1134-1138, 1147-1150, 1152-1155, 1157-1160, 1166, 1168, 1170-1172, 1176, 1178, 1180-1181, 1185-1190, 1192-1197, 1218-1225, 1227-1229, 1241-1242, 1247-1251, 1253-1255, 1257-1259, 1261-1263, 1265-1267, 1269-1271, 1274-1279, 1281, 1283-1284, 1286-1288, 1290-1292, 1294-1299, 1302, 1304-1308, 1310, 1312-1313, 1315-1317, 1319-1321, 1323-1328, 1330, 1627	
UTIL	584	423	161	72.43	no	260-265, 589-592, 594, 597-598, 600, 602-603, 605-606, 608-611, 614-618, 721, 723, 725-726, 728-729, 731-732, 734-735, 737-741, 743-745, 748-750, 752-753, 756-758, 761-762, 764-766, 770-771, 773-774, 776-777, 781, 783-785, 789, 793-796, 798-799, 801-802, 806, 808-810, 812-814, 819, 821-823, 825-826, 829-832, 837-838, 840-841, 864-865, 870-872, 874-880, 882-885, 887-890, 893-897, 899-901, 906-907, 909-913, 916-917, 920-928, 930-932, 934-938, 941-945, 947-950	
SMOKE	622	437	185	70.26	no	44-47, 49-51, 53-54, 56-58, 60-62, 64-71, 74-76, 78-83, 85-87, 89-95, 97-108, 110, 112-115, 117-118, 120, 122-123, 125-127, 129, 131-133, 135-141, 143-144, 146, 158-160, 162-164, 166-168, 170-172, 174-176, 179-185, 187-192, 194-196, 198-203, 205-212, 214, 216-217, 226-227, 229, 232-237, 239, 250-254, 256, 258-261, 263-264, 267-268, 270-273, 275-277, 279-281, 283-287, 289-291, 293-295, 297-299, 301-303, 305-307, 309-310	
WAVE	252	175	77	69.44	no	394-396, 398-401, 403-404, 406-407, 409-410, 412-413, 415-416, 418-420, 422-423, 425-426, 428-429, 431-436, 438-440, 446-448, 956-959, 961-964, 969-974, 976-979, 981-986, 988-991, 997-998, 1000-1003, 1005-1008, 1010	
COIN	822	543	279	66.06	no	27-29, 31, 33-35, 37-38, 41, 43, 45-46, 48, 56-59, 61-63, 65-67, 70, 72-76, 81-82, 86-88, 90-94, 96-97, 101-103, 105-109, 111-112, 115-119, 122-124, 126-128, 133-134, 136-137, 139-140, 142-143, 149-151, 153-155, 157-159, 161, 163-165, 167-169, 171-173, 175, 178-179, 181-191, 194-195, 197-199, 201-202, 204-205, 208, 368-371, 373-375, 377-381, 384-387, 389-392, 394-398, 401-404, 406-409, 411-415, 418-421, 423-426, 428-432, 435-438, 440-442, 444-448, 452-455, 457-460, 462-466, 469-472, 474-477, 479-483, 488-491, 493-496, 498-502, 506-509, 511-513, 515-519, 522-525, 527-530, 532-536, 540-541, 543-545, 547-549, 553-554, 556-559, 561-563, 567-568, 570-573, 575-577, 581-582, 584-587, 589-591, 705-707	
TOTALA	103	68	35	66.02	no	89-90, 92, 94-99, 101-110, 112-114, 116-117, 119-126, 177-178, 180	
DRONES	818	479	339	58.56	no	59-60, 62-64, 221-223, 225, 228-232, 234, 236-238, 241-243, 245-248, 250-252, 254-256, 258-262, 264-266, 268-269, 275-278, 280-283, 285-290, 293-295, 297, 316-317, 319-323, 326-330, 333-334, 337-339, 355, 357-360, 362, 364-367, 374-386, 394-398, 400-403, 405, 407-409, 411-413, 415-417, 419-421, 423-425, 427-431, 433-435, 437-438, 442-444, 447-448, 450-451, 460-461, 463-465, 467-469, 471-472, 474-475, 1406-1410, 1413-1415, 1417-1419, 1421-1422, 1424-1425, 1427-1428, 1431-1433, 1436-1441, 1443-1445, 1448-1450, 1452-1459, 1461-1464, 1466-1468, 1470, 1472-1473, 1476-1477, 1481, 1483-1485, 1525-1529, 1531-1532, 1534-1542, 1544-1545, 1547-1551, 1553-1557, 1559-1562, 1564-1568, 1570-1575, 1577-1582, 1585-1589, 1593-1594, 1596-1597, 1600-1605, 1608-1610, 1612-1614, 1616-1618, 1621-1622, 1624-1625, 1627-1631, 1633-1638, 1641-1642, 1644-1646, 1648-1650, 1652-1654, 1657-1661, 1663-1664, 1668-1671, 1673-1677, 1681-1682, 1684-1687, 1691-1692, 1696, 1698-1700, 1817-1819	
INTRO	2129	1180	949	55.43	no	55-56, 58, 61-62, 64-66, 69-76, 78-79, 81-84, 88-101, 105-114, 116-119, 122-124, 128-132, 134-135, 138, 140-143, 146, 148-149, 151-152, 155-158, 163-167, 169-173, 175-179, 187-188, 190-193, 195-196, 200-208, 211, 213-214, 230-233, 241-242, 244-253, 255-256, 259-260, 263-264, 269-277, 280, 287, 294, 302, 304-306, 308, 310-313, 315-318, 322-327, 329, 331-338, 340, 359-360, 363-364, 370-371, 373-374, 377-378, 380-382, 385-387, 389-391, 394-395, 397, 401, 403-408, 411-418, 422-423, 425-426, 429-432, 435-438, 440, 442-448, 450-456, 462-465, 477-478, 480-481, 483-486, 490-491, 493, 495-501, 504-505, 508-510, 512-514, 524-526, 529-531, 533-535, 551-552, 554-555, 557-558, 560-561, 563-566, 568-569, 571-572, 578, 580-582, 585, 589-590, 592-595, 597-608, 610-612, 616-630, 634-645, 647-650, 654-656, 658, 661-669, 671-677, 680-681, 684-685, 687-688, 690, 692-694, 696-701, 703-707, 709-711, 713, 719-720, 722, 724-725, 736-747, 761-768, 770, 773-774, 776-777, 779-781, 784-787, 814-815, 821-822, 826-829, 832-834, 836, 839-840, 843, 846-848, 850-851, 853, 855-857, 861-863, 866-867, 869-873, 880-887, 889, 891-893, 895-896, 898, 901-902, 904-905, 907-915, 918, 920-921, 2337-2338, 2341, 2343-2345, 2348-2351, 2354-2356, 2359, 2362-2363, 2365, 2367-2368, 2370-2376, 2378, 2381-2383, 2385-2388, 2398-2402, 2404-2407, 2409-2412, 2731-2736, 2738-2741, 2744-2746, 2748, 2750-2753, 2755, 2760, 2763-2766, 2768, 2771-2772, 2775-2778, 2780-2784, 2792, 2794-2795, 2798-2802, 2804-2813, 2815, 2818-2824, 2826-2827, 2833-2839, 2841, 2843-2845, 2848-2849, 2851-2852, 2855, 2857-2863, 2865-2866, 2869-2874, 2879-2882, 2886-2889, 2891-2898, 2901-2903, 2906, 2908-2910, 2913-2914, 2916, 2918-2921, 2923-2929, 2934-2938, 2945-2951, 2955-2956, 3382-3383, 3385-3386, 3388-3389, 3391-3392, 3394, 3399-3401, 3403-3405, 3407-3410, 3412-3413, 3417-3418, 3421-3422, 3424-3426, 3428-3431, 3434-3441, 3444-3450, 3453-3455, 3457-3460, 3468, 3471-3473, 3475-3477, 3480-3481, 3483-3485, 3488, 3491-3493, 3498-3500, 3502-3504, 3508-3509, 3515-3520, 3522-3523, 3525-3528, 3530-3531, 3533-3535, 3539-3541, 3543-3545, 3550-3553, 3557-3566, 3569-3570, 3579-3583, 3585-3586, 3589-3591, 3595-3597, 3601-3603, 3606-3609, 3611-3612, 3614-3616, 3618-3620, 3622, 3625-3626, 3628-3632, 3634-3636, 3646, 3649-3657, 3659-3663, 3671-3672, 3674-3675, 3677-3679, 3681-3683, 3685-3688, 3696-3697, 3700-3703, 3706-3710, 3712-3717, 3725-3726, 3728-3731, 3733, 3736-3740, 3743-3745, 3748-3750, 3790-3798, 3800-3801, 3805-3814, 3816-3817, 3822-3826, 3828, 3831-3839, 3841-3843	
MAP	970	528	442	54.43	no	83, 85-86, 88-89, 93, 95-96, 100, 103-112, 115-124, 127-136, 139-148, 151-158, 160-164, 166-170, 173-176, 179, 184-190, 193-197, 199-202, 205-206, 208-214, 218-224, 226-231, 233-236, 239-245, 247-252, 254-257, 261-267, 270-277, 279-287, 290-295, 297-300, 303-309, 311-318, 320-328, 331-336, 338-341, 344-345, 373-375, 377-380, 383-386, 389-392, 395-398, 401, 412, 415, 420-421, 423-425, 427-429, 432-441, 444-453, 456-465, 468-477, 480-484, 486-490, 492-496, 499-501, 504, 506, 509-510, 515-516, 523-528, 530-535, 538-542, 544-547, 552, 554-557, 559-565, 571-577, 579-584, 586-589, 595-601, 603-608, 610-613, 620-626, 628-635, 637-645, 648-653, 655-658, 666-672, 674-681, 683-691, 694-699, 701-704, 710-711, 713-720, 722, 724	
ROADKILL	838	456	382	54.42	no	703, 718-721, 723, 725-732, 734-737, 739-745, 747, 749-750, 752-757, 759-760, 762, 904-909, 911, 914-916, 918-922, 924-925, 927-929, 942-945, 947-948, 950-951, 953, 955, 958-960, 962-964, 966-967, 969-971, 973-976, 978-979, 981-986, 988-990, 992-994, 997-1002, 1004-1005, 1008, 1011-1012, 1014, 1016-1022, 1024-1026, 1028-1030, 1032-1040, 1042-1045, 1047-1049, 1051-1053, 1055-1063, 1065-1070, 1072-1074, 1076-1080, 1082-1084, 1087, 1089-1091, 1093-1094, 1096-1097, 1099-1102, 1104-1114, 1116-1119, 1121-1124, 1126-1133, 1136-1145, 1148, 1151-1154, 1156, 1172-1174, 1176-1179, 1182-1184, 1186-1188, 1190-1192, 1194-1197, 1199, 1206-1210, 1212-1213, 1215-1217, 1219-1220, 1222-1223, 1225-1229, 1231-1235, 1237-1239, 1241-1249, 1251-1256, 1258-1261, 1263-1266, 1268-1269, 1271-1278, 1280-1282, 1284, 1286-1292, 1294-1300, 1302-1305, 1307-1308, 1311-1312, 1314-1316, 1339-1341, 1343-1349, 1351-1359, 1361-1368, 1370-1371, 1379-1381, 1383-1394, 1402-1403, 1405-1407, 1409-1410	
COMMQ	722	390	332	54.02	no	662-663, 665-668, 670, 672-675, 677-679, 681-683, 685-689, 692, 694-697, 704-705, 711-713, 722, 724-725, 727-734, 762-766, 768-771, 773-776, 778-779, 786-790, 796-800, 802-803, 810-812, 814-817, 819-822, 824-825, 827-830, 1010-1011, 1013-1020, 1022-1024, 1072-1073, 1076-1077, 1079-1080, 1085-1086, 1089-1090, 1094-1097, 1099-1105, 1110-1111, 1113-1115, 1117-1118, 1122, 1128, 1132, 1134-1135, 1137-1148, 1155-1157, 1159-1168, 1172-1173, 1175-1176, 1179-1186, 1190-1197, 1201-1208, 1213-1219, 1223-1224, 1226-1227, 1231-1234, 1238-1241, 1244, 1246, 1250-1251, 1260-1261, 1263-1264, 1266-1270, 1272, 1274-1278, 1280-1281, 1286-1287, 1289-1290, 1292-1294, 1296-1299, 1303, 1305-1306, 1312-1318, 1320-1327, 1333-1335, 1337-1340, 1342-1346, 1348-1349, 1351-1358, 1379-1382, 1397-1399, 1405, 1407-1408, 1410-1415, 1417, 1439-1441, 1447-1448, 1462-1465, 1467-1470, 1476-1478, 1480-1482, 1484-1487, 1489-1490, 1492-1493, 1499-1504, 1506-1508, 1514-1515	
FLAME	166	53	113	31.93	no	46-48, 50-56, 58-59, 61, 63-67, 70-79, 81-82, 85-96, 98-101, 103, 105-107, 109-113, 115-119, 121-126, 128-130, 132-137, 141, 156-161, 163-166, 168-174, 176-178, 180-182, 184-186, 188-191, 193-197, 199-200	
COMMDRNE	192	55	137	28.65	no	81-87, 89-90, 93-98, 100-102, 107, 110-112, 114-115, 117, 132-133, 135-137, 139, 141-143, 145-149, 152-154, 156-157, 161-163, 165, 167-168, 171-173, 175-177, 179-182, 186-187, 190, 193-194, 196-198, 200-203, 205-207, 209-210, 212-214, 217, 219-220, 223-225, 227-230, 233-248, 250-252, 254-255, 258-262, 264-265, 267-268, 270-271, 273, 288, 295-304, 307-309	
TRACKSEL	716	159	557	22.21	no	53-55, 59-64, 67, 70-72, 75-77, 79-81, 83-84, 86-88, 92-97, 99-100, 103-104, 106-109, 112-115, 117-119, 121-122, 124-125, 128-130, 133, 135-136, 138, 140-142, 162, 164, 166-173, 175-182, 184-191, 194-204, 206, 208-211, 222-223, 225-226, 228-230, 232-234, 236-239, 241-244, 251-253, 255-258, 260, 263-266, 268-270, 272-273, 275-276, 278-280, 283, 285-288, 292-293, 304-305, 309-311, 313-314, 316, 318-320, 325-326, 328-330, 335-339, 342-348, 360-365, 377-379, 385-386, 388-390, 393, 395-397, 401-404, 406-407, 409-410, 412-413, 420-421, 427, 445-446, 448-450, 454-458, 462-463, 474-476, 488-490, 497-501, 503-504, 506-507, 509-510, 522-525, 527-528, 531-538, 540-543, 545, 550-553, 556-560, 566, 569-573, 575, 577-581, 584-586, 588-590, 844-845, 847-851, 854-856, 862, 864-867, 869-873, 875-877, 879-886, 890-895, 897, 900, 913-914, 916, 918-922, 925-930, 932-935, 937-939, 942, 944-948, 951-954, 956-957, 959-961, 964-967, 969-970, 972-974, 977-980, 983-987, 989-990, 992-995, 998-1003, 1005-1008, 1010-1014, 1016-1017, 1019-1021, 1023-1026, 1028-1029, 1039, 1041-1045, 1047-1051, 1053, 1055-1059, 1066, 1068-1071, 1073-1075, 1077, 1079-1080, 1083-1089, 1091, 1093-1095, 1098-1103, 1105-1109, 1111-1113, 1115-1119, 1125-1126, 1128-1130, 1132-1133, 1135-1138, 1140-1143, 1145-1148, 1150-1151, 1153, 1155, 1168, 1170-1172, 1174-1175, 1184, 1186-1188, 1190, 1192-1195, 1198-1200, 1202-1203, 1205-1212, 1223-1226, 1228-1230, 1233-1234, 1236-1239, 1241-1245, 1247-1248, 1286-1292, 1298-1302, 1304-1306, 1312-1313, 1315-1318	
RHO	454	61	393	13.44	no	106-109, 113-114, 116, 119-120, 122-125, 127-128, 130-134, 137, 139-144, 146-148, 150-151, 153-154, 156-161, 164, 167-169, 174-180, 183-194, 198-201, 203-205, 207-210, 217-222, 224-226, 233-234, 236-237, 239-240, 242-245, 248-252, 255-257, 259, 262-263, 265-267, 269-271, 275, 277, 289-291, 294-297, 322-324, 329-331, 336-339, 346-347, 349-352, 355-357, 359-362, 364-368, 373-375, 377-379, 386-390, 392-394, 399-400, 409-410, 412-415, 418-419, 421-423, 425-426, 428-434, 436-437, 447, 451-455, 457, 460-462, 465-467, 469-470, 473, 475-477, 479-480, 484-486, 490-491, 494-499, 501-509, 515-516, 518-524, 527-528, 532-533, 535-536, 538-539, 541-542, 544-546, 548-557, 559-562, 564-567, 571-578, 580-583, 588-589, 591-598, 600-601, 603-604, 607, 610-612, 614-615, 623-626, 628-631, 633-636, 638-639, 641-642, 714-719, 722-723, 725, 727-729, 731-734, 740-741, 748-751, 753-756, 759-761, 763, 766-767, 769, 771-772, 774, 851-852, 854-855, 857-860, 862-865, 867-868, 870-873, 875-878, 880, 882-887, 889-892, 912-913, 915-916, 918-920, 922, 924-925	
RACER	1261	164	1097	13.01	no	85-89, 93-95, 98-102, 104-105, 107-111, 117, 119-122, 124-125, 127-128, 130-134, 167-168, 170-171, 173-174, 176-180, 182-183, 185-186, 188, 192, 195-201, 203-205, 209-211, 213-214, 216, 220, 223-224, 226-229, 231-233, 235, 237-239, 241-245, 247-251, 253-254, 256-257, 261-263, 265-267, 270-272, 274-276, 278-281, 285-286, 288-289, 291-293, 295-298, 300-302, 304-305, 307-309, 317-318, 320-321, 323-324, 326-327, 329-331, 333-334, 342-344, 346-348, 351-356, 360-363, 365-366, 368-370, 372-373, 377-378, 380-381, 383-385, 387-390, 392-393, 395, 397-399, 401-403, 405-407, 409-410, 412-415, 417, 423-429, 433, 435-439, 443-446, 448-454, 456-457, 459, 461-462, 464-465, 467-469, 479-480, 482-483, 485-487, 489-491, 496, 498, 500-504, 508-509, 511-515, 517-522, 525, 527-528, 530-531, 534-536, 538-542, 544, 547, 550-551, 556-560, 562-568, 570-576, 578-589, 591-593, 595-596, 598-601, 603-607, 609-610, 612, 615, 621-624, 628-633, 635-638, 640-644, 646, 651-652, 654-655, 657-659, 664-667, 671-672, 674-676, 678-679, 681, 683-684, 686-687, 690-691, 693-694, 700-701, 703-704, 706-708, 711-715, 717-719, 721-722, 724, 726-727, 729-730, 736-737, 739-741, 743-744, 746, 748-749, 751-753, 755-758, 760-761, 763-765, 767-769, 775-778, 780, 784-787, 789, 794-800, 802-803, 825, 829-830, 834-835, 837-838, 840-841, 853-855, 857-860, 862-867, 871-874, 876-879, 881, 883-884, 886-887, 891-892, 894-899, 901-905, 907-909, 911-912, 915, 927-928, 930-932, 934-937, 939-942, 944-946, 955, 957-958, 960-961, 963-965, 967-968, 970-971, 973-974, 976-977, 979-980, 982-983, 986, 989-991, 993-998, 1000-1002, 1004-1005, 1007, 1009, 1011-1013, 1015-1018, 1023-1027, 1031-1034, 1038-1045, 1047-1051, 1053-1055, 1057-1058, 1060-1062, 1064-1065, 1067-1071, 1073-1075, 1078-1079, 1081, 1083-1084, 1086-1091, 1093-1095, 1098-1101, 1103-1106, 1108-1111, 1113-1116, 1118, 1137-1142, 1144-1148, 1150-1158, 1160-1163, 1165-1167, 1169-1170, 1175, 1179-1187, 1189, 1194-1197, 1205-1209, 1211-1214, 1228, 1230-1235, 1237-1239, 1241, 1261-1262, 1264-1266, 1268-1270, 1272, 1337-1338, 1340-1342, 1344-1346, 1348-1349, 1351-1352, 1354, 1361, 1363-1367, 1380-1383, 1387-1389, 1391-1392, 1394-1399, 1402-1406, 1408, 1410-1412, 1414-1418, 1420-1424, 1426-1430, 1432-1436, 1438, 1443-1444, 1446-1447, 1449-1450, 1452-1455, 1458, 1476-1477, 1479-1480, 1482-1483, 1485-1486, 1488-1489, 1491-1492, 1496-1499, 1503-1504, 1506-1508, 1511-1513, 1515-1519, 1521-1523, 1526-1527, 1537-1542, 1544-1545, 1547, 1549-1550, 1552-1554, 1556-1557, 1559, 1561-1562, 1568-1569, 1571-1572, 1574-1575, 1577-1578, 1580-1581, 1583-1586, 1588, 1590-1591, 1593-1595, 1597-1599, 1605-1606, 1612-1613, 1615-1616, 1618-1619, 1621-1622, 1624-1626, 1628-1629, 1631-1632, 1634-1636, 1638, 1640-1641, 1643, 1645, 1647-1648, 1665-1666, 1668-1669, 1673-1678, 1680-1683, 1687-1692, 1694-1696, 1698-1700, 1702-1704, 1706-1707, 1712-1718, 1720-1721, 1725-1731, 1733-1734, 1736-1738, 1740, 1742-1743, 1747-1748, 1750-1753, 1755-1758, 1760-1763, 1765, 1767-1769, 1775-1777, 1779, 1781, 1783, 1785-1786, 1788-1792, 1794-1796, 1798-1799, 1801-1803, 1805, 1807-1808, 1810-1811, 1813-1814, 1816-1817, 1820-1821, 1837-1847, 1862-1872, 1874-1875, 1877-1878, 1880-1881, 1883-1884, 1886-1888, 1900-1901, 1903-1906, 1908-1909, 1911-1914, 1916-1920, 1922-1927, 1929-1933, 1935-1944, 1946-1950, 1952-1954, 1956-1958, 1960, 2085-2091, 2093-2095, 2097-2099, 2103-2104, 2106-2107, 2109-2110, 2112-2116, 2118-2119, 2121-2122, 2124-2125, 2128-2131	
TRANS	942	20	922	2.12	no	39, 41-43, 46-48, 52-54, 56-62, 64-70, 72-73, 77-79, 82, 84-87, 89-92, 95-96, 98, 100-101, 104-106, 108-109, 113-114, 116-118, 120-121, 123-128, 130-131, 136-140, 143-146, 148-149, 152, 155-157, 160-164, 166-168, 170-174, 176-180, 182-186, 189-191, 194-199, 202-203, 205-207, 211-212, 214-215, 217-222, 224, 226-227, 230, 232-233, 241, 244-249, 251-253, 255-257, 259-261, 264-270, 273-279, 281-287, 290, 292-294, 296-299, 301-304, 306, 316-319, 321-324, 326-330, 338-342, 345-348, 350-351, 353-356, 358-362, 365-366, 368-373, 375-379, 381-383, 385-387, 389-390, 398-399, 401-402, 404-405, 408-411, 413-416, 418-421, 423-425, 433-434, 436-438, 440-443, 446-449, 451-454, 456-459, 461, 493-495, 497-499, 502-503, 505-507, 510, 512-515, 517-519, 521-523, 525-527, 529-531, 533-535, 538-541, 543, 545-550, 552-554, 556-558, 560-562, 564-567, 570, 573, 579-582, 593, 595-596, 598-599, 601-602, 605-606, 608-614, 616-618, 620-622, 625-631, 633-635, 637-638, 643-644, 646-649, 652-656, 659-662, 664, 666-669, 674, 681, 683-685, 687, 689-691, 694-696, 707-708, 710-711, 713-715, 717-718, 720-721, 724-726, 768, 770, 772-778, 780-785, 788-794, 796-801, 803-804, 807, 833, 835-836, 838-842, 844-846, 849-852, 854-855, 858-866, 870-873, 875-876, 878-879, 881-885, 887-892, 894-902, 904-906, 909, 911-912, 914-919, 921-925, 927-931, 933-938, 940-943, 945-948, 950-954, 956-964, 967-968, 970-975, 977-980, 982-985, 987-991, 993-1001, 1004-1005, 1007-1012, 1016-1024, 1026-1028, 1030-1032, 1035-1040, 1044-1052, 1054-1056, 1058-1060, 1062-1063, 1065-1066, 1073-1075, 1077-1082, 1084-1089, 1091-1093, 1101, 1103-1105, 1107, 1109-1110, 1119-1120, 1122-1124, 1126-1132, 1143-1146, 1159-1171, 1173-1174, 1179-1191, 1193-1194, 1197, 1211-1214, 1216-1219, 1222, 1224-1226, 1228-1234, 1236-1247, 1249-1262, 1265-1278, 1280, 1284-1288, 1290-1296, 1299-1312, 1314-1327, 1329-1333, 1335-1336, 1339-1343, 1351, 1353-1355, 1357-1363, 1365-1376, 1378-1391, 1394-1407, 1409, 1413-1417, 1419-1425, 1428-1441, 1443-1456, 1458-1462, 1465-1469, 1472-1475	
EFFECTS	247	4	243	1.62	no	70-73, 80-82, 88, 90-91, 93, 96, 98-100, 103, 106-109, 112-115, 117-122, 124-128, 133-136, 138-143, 145-149, 153-156, 159-169, 174-177, 179-189, 192-193, 196-203, 206-208, 219, 221, 223, 225-226, 231, 233-236, 239-240, 242-247, 249-253, 258-260, 262-267, 269-273, 277-279, 282-292, 297-298, 301-311, 314-315, 317-319, 329, 332-342, 344-349, 352-362, 364-369, 373-383, 385-390, 395-405, 408-414, 429-432, 434-436, 438-441	
ATTRDRNE	1065	7	1058	0.66	no	74-79, 82-83, 85, 87-89, 91-92, 94-97, 99-105, 107-108, 110-111, 113-114, 117-118, 121-122, 124-127, 130-131, 133, 135-137, 140, 143-148, 150-151, 153-154, 168-175, 178-179, 182-185, 187-188, 190-191, 193-194, 196-198, 200-208, 210-218, 220, 223-232, 234-244, 246-248, 251, 255-258, 315-321, 323-327, 329-331, 335-336, 338-341, 343-348, 350-357, 359-364, 366-367, 369-370, 372-373, 375-385, 387-395, 397-398, 400-402, 404-408, 412-423, 425-427, 431-445, 449-463, 467-470, 472-473, 475-476, 478-479, 481-485, 487, 489-494, 496-501, 503-504, 506-507, 509-512, 514-515, 517, 523-533, 535-539, 541-542, 544-555, 558, 564-572, 579-582, 584-587, 590-594, 597-603, 605-609, 611-614, 616-619, 623-627, 629-632, 637-641, 643, 645-649, 651-655, 657-659, 661-671, 673-676, 678-680, 682-692, 695-707, 709-718, 720-726, 729-733, 735, 737, 746-752, 754-762, 764-766, 775-776, 778, 787-792, 794-798, 800-808, 810-811, 813-828, 830-832, 834, 839-844, 846, 848-855, 857-858, 861-863, 870-872, 874-878, 880-885, 887-889, 891-894, 896-899, 905-909, 911-912, 914-921, 923-928, 938-944, 946-949, 951-953, 956-958, 960-962, 964, 966-969, 971, 973-975, 977-979, 981-983, 985-992, 994-995, 1007-1011, 1013-1015, 1017-1019, 1021-1023, 1025-1037, 1039-1050, 1052-1053, 1062, 1064-1069, 1071, 1081-1088, 1090, 1093-1094, 1103-1104, 1106-1108, 1110-1111, 1114-1121, 1124-1125, 1127-1135, 1138, 1140-1146, 1149-1155, 1161, 1163-1166, 1168-1169, 1171-1175, 1177-1178, 1180-1181, 1183-1189, 1191-1193, 1195-1198, 1200-1204, 1206-1207, 1209-1213, 1216-1219, 1221-1227, 1229, 1231-1232, 1234-1238, 1240, 1242, 1244, 1246-1248, 1250-1254, 1256-1258, 1261-1262, 1273, 1275-1278, 1280, 1282-1285, 1287-1288, 1290, 1293-1303, 1305-1307, 1309-1312, 1317, 1319-1322, 1324-1325, 1327-1328, 1330-1333, 1336-1337, 1339-1345, 1347-1349, 1351-1353, 1355-1357, 1359-1364, 1367-1369, 1371, 1376, 1381-1392, 1394-1399, 1401-1412, 1414-1423, 1425, 1435-1441, 1443-1450, 1452-1454, 1456-1457, 1459-1463, 1466-1473, 1476-1479, 1523-1524, 1526-1529, 1531, 1548-1549, 1559-1563, 1565, 1572-1575, 1578-1579, 1581-1582, 1584-1585, 1587-1588, 1591-1594, 1596-1599, 1601-1602, 1604-1608, 1613-1616, 1618-1620, 1622-1629, 1631-1632, 1634-1637, 1639, 1641, 1643-1644, 1646-1650, 1652, 1656-1659, 1661-1662, 1664-1667, 1669-1670, 1672-1673, 1675-1677, 1679-1680, 1682-1685, 1687-1688, 1690	
RROAD	564	1	563	0.18	no	40-41, 43, 45-50, 53-54, 56-63, 67, 69-73, 75-77, 80-83, 85-87, 93-95, 97-98, 101-107, 116-117, 119, 121-131, 133-136, 145-149, 152-154, 156-158, 160-165, 167, 169-173, 175-179, 181-182, 184-185, 187-194, 198-200, 206-211, 213-214, 216-217, 221-233, 236-239, 241-242, 244-245, 252-261, 263-266, 268-272, 275-277, 279-282, 284, 286-290, 293-294, 296-299, 302-303, 305-307, 309-313, 315-316, 318-320, 322-323, 326-328, 330-332, 335-338, 340-343, 345-348, 351-352, 356-358, 360-361, 363-364, 367-368, 375-376, 383, 385, 389-392, 394-397, 399-401, 404-405, 407, 425-429, 432, 434-435, 437-440, 442-444, 447-451, 453-454, 456-457, 459-460, 463-465, 467-470, 472-479, 481-482, 484, 486-489, 491-492, 494, 496-498, 503-505, 507-509, 511-514, 516-517, 519-520, 522-523, 526-531, 558-560, 562-564, 566-567, 569-573, 576-578, 580-582, 584, 586-589, 591-594, 596, 600-608, 610, 612-615, 617-619, 621, 624-625, 627-628, 633-634, 638-639, 641, 643-644, 647-648, 650-652, 654-656, 658-660, 663-665, 667-668, 675-677, 679-680, 682-690, 692-693, 695-697, 699-700, 702, 704-708, 710-712, 714-718, 720-722, 724-725, 727-730, 732-733, 735-737, 739-741, 745-746, 748, 750-754, 756-757, 759-762, 765-766, 768-769, 774-775, 777-778, 781, 783-784, 786-797, 799-802, 804, 807, 809-810, 813, 815-817, 819-820, 822-823, 825-826, 829-830, 835-837, 839-840, 845-850, 854-857, 862, 864-868, 870-871, 873-875, 881-886, 888-893, 895-897, 899-900, 902-904, 907-909, 911-912, 931, 933-936, 938-940, 942-945	
ATTRACTA	233	0	233	0.00	no	36-44, 46-48, 53-57, 60-61, 64, 66-67, 69-70, 72-75, 77-78, 82, 84-85, 87-90, 93-98, 101-107, 109-115, 118-119, 124-132, 134-138, 141-143, 146, 148-155, 157, 160-161, 165-166, 168-169, 178-179, 183, 185-190, 193-198, 201-207, 209-215, 218-219, 222, 224-230, 232-236, 238-239, 241-242, 251-252, 254-266, 268, 270-279, 281-283, 285-286, 288-289, 291-295, 297-298, 300, 302-305, 307, 309-313, 315-319, 321-323, 329, 331-335, 337-338, 340, 342-346, 348, 350-351, 373-374, 376-377, 379-380, 382-388, 390, 392-393, 395	
BSSSTART	0	0	0	0.00	yes		
CHOPPER	725	0	725	0.00	no	87-89, 94-97, 100, 104-109, 112-114, 116-118, 120-123, 125-131, 135-139, 141-149, 155-156, 158-163, 165-169, 172-176, 178-183, 186-191, 193-195, 197-198, 211-214, 216-218, 224-226, 228-234, 236-248, 252-253, 255-257, 262-265, 268-270, 272, 277-282, 285-287, 289-291, 293-296, 298-304, 308-312, 314-322, 328-329, 331-336, 338-342, 346-350, 352-357, 360-365, 367-369, 371-372, 609-610, 612-613, 615-623, 625-626, 628-629, 632, 634-640, 642-644, 646-649, 652-654, 656-657, 661-662, 667-668, 670-671, 673-677, 679, 682-683, 685-688, 695-697, 702-705, 707-709, 715-719, 721-724, 726-738, 742-743, 745-747, 750-753, 755-756, 762-763, 765-767, 776-779, 781-783, 785, 790-795, 798-800, 805-808, 810-816, 822-826, 828-836, 842-843, 845-850, 852-856, 860-861, 864-865, 867-871, 875-882, 886-894, 896-902, 904-905, 910-911, 913-916, 918, 920-926, 928-929, 931-932, 935-936, 938-941, 943-949, 952-953, 955-962, 964-966, 972-974, 977-980, 982-983, 987-989, 993-995, 998-1001, 1004-1008, 1015-1016, 1023-1025, 1028-1035, 1040-1041, 1043, 1046-1048, 1050-1052, 1055-1061, 1063-1064, 1066-1068, 1075-1076, 1078-1079, 1081-1082, 1084-1086, 1097-1100, 1102-1104, 1106-1111, 1118-1120, 1122, 1124-1125, 1128-1129, 1131-1132, 1134-1148, 1150-1151, 1153-1155, 1158-1162, 1164, 1171-1172, 1174-1176, 1178-1185, 1187-1188, 1211-1216, 1218-1221, 1223, 1226-1230, 1233-1237, 1240-1241, 1243-1252, 1254-1259, 1262-1263, 1265-1274, 1276-1279, 1282, 1285-1287, 1289, 1292-1296, 1298-1304, 1306-1309, 1312-1315, 1321-1332, 1334-1338, 1340, 1570, 1572-1576, 1578-1579, 1581-1584, 1586-1587, 1591-1592, 1594-1597, 1599-1600, 1602-1605, 1607-1608, 1612-1613, 1615-1618, 1621, 1632-1633, 1635-1637, 1639-1641, 1643-1646, 1648-1650, 1652-1655, 1657-1660, 1662-1663, 1665-1667, 1671	
CKSUM	0	0	0	0.00	yes		
COINTAB	0	0	0	0.00	yes		
CORNOBJ	0	0	0	0.00	yes		
DATE	0	0	0	0.00	yes		
FONT	0	0	0	0.00	yes		
GALIL	0	0	0	0.00	yes		
H2HOBJ	0	0	0	0.00	yes		
HEADS	262	0	262	0.00	no	30, 32-34, 36-38, 41, 43-45, 50-51, 53-54, 56-58, 60-66, 69-70, 92, 94-98, 101-102, 105-107, 109-112, 115, 117, 121-124, 127, 129-133, 135, 137-141, 143-145, 148-149, 151-152, 160, 163-168, 170, 172-174, 176-179, 182, 184-185, 191, 193-197, 207-208, 212-213, 215-219, 222-232, 234, 236, 239, 242-243, 245-246, 248-250, 252, 254-259, 262, 264-267, 269-270, 272, 275-281, 285-292, 297-298, 300-305, 309-310, 312, 314-318, 320-327, 329, 331-336, 338-344, 350-351, 353-357, 361-368, 373-377, 379-382, 386-389, 391, 394-395, 399-403, 405, 408-411, 414-419, 423-426, 448-449, 451-453, 455-457, 460-466, 469-475	
HOTTUB	452	0	452	0.00	no	41, 43, 45-46, 48-50, 52-53, 57, 60-66, 69-74, 78-79, 81-84, 88-90, 92-95, 97-100, 102-103, 108-110, 113-114, 117-121, 123-126, 129-135, 137-143, 145, 147, 150-154, 157-159, 161, 163, 165-167, 169-171, 173, 176, 178-180, 182-184, 186-191, 193-195, 197, 199-203, 205, 207, 210-211, 213, 215, 217-222, 224-229, 232-233, 263, 271-275, 277-279, 281-282, 288-290, 292-293, 295-296, 299-301, 303-307, 309-310, 312-315, 322-344, 352, 354-355, 357-358, 360-363, 367-368, 370-371, 373-374, 376-377, 379-380, 382-383, 387-388, 390-393, 395-396, 400, 423, 432-435, 439-442, 444, 446-447, 449-451, 454-457, 462-466, 469-473, 476-481, 484-488, 490-494, 498, 500-502, 504-506, 508-511, 519-522, 525, 528-529, 531-534, 536, 538-542, 552-554, 556, 558-561, 564-568, 571-575, 590-593, 602-607, 609, 611-612, 614-619, 621-623, 625-626, 629-631, 633-634, 637-638, 640, 642-644, 646-647, 649, 651-655, 657-662, 665-669, 671, 674, 676-677, 679-680, 684-689, 693-696, 701, 703-706, 708-711, 713-716, 718, 720-724, 730, 732-737, 774-776, 778-779, 781-786, 788-790, 792-795, 799-800, 802-807, 810-811, 815, 817, 819-821, 823-824, 826, 830, 832-834, 836, 838-842, 845-847	
INVTAB30	0	0	0	0.00	yes		
LEG	233	0	233	0.00	no	79-87, 104, 106-107, 109-110, 116-117, 127, 137-142, 157, 160-163, 165-168, 171-172, 174, 184-186, 188-190, 192-194, 196-200, 203-206, 219-221, 223-224, 236-237, 239-248, 250-251, 255, 265, 267-276, 278-280, 283-284, 289, 294, 296-299, 301-306, 308-310, 318-320, 326, 348-357, 359, 361-363, 366-367, 369-371, 376-377, 379-380, 382-383, 386-387, 389-392, 394-398, 404-407, 410-412, 414-416, 418-421, 424-428, 431-434, 436-438, 440-442, 444, 447-452, 455-458, 460-462, 464-466, 469-470, 473-476, 491-493, 495-496, 498-500, 502-503, 506-507, 509-512, 514-515, 519-522, 528-529, 534-543, 545-546, 598	
OBJECTS	0	0	0	0.00	yes		
SETUPS	599	0	599	0.00	no	26-28, 30-31, 35-38, 40-43, 45-50, 52-55, 57-60, 62-65, 67-72, 74-77, 80-84, 114-118, 121-124, 127, 129-133, 136-138, 141-145, 148-151, 154-156, 158-160, 163-165, 167-169, 172-173, 175-177, 180-181, 183-184, 186-188, 192-193, 195-196, 198-199, 201-203, 206-207, 209-210, 212-214, 217-218, 220-221, 223-225, 228-229, 231-232, 234-235, 237-239, 242-246, 249-252, 255-258, 264-267, 269-270, 272-275, 278-279, 281-282, 284-286, 288-291, 293, 300-302, 304-307, 309-311, 313-316, 319-320, 322-323, 325-330, 333-334, 336-343, 349-353, 355-356, 358-361, 363-366, 368-371, 373-377, 379-386, 392-395, 397-404, 406-408, 410-413, 415-418, 421-422, 425, 427-434, 437-441, 447-449, 451-452, 454-457, 460-466, 468-470, 472-473, 475-476, 478-485, 492, 494-495, 497-499, 501-502, 504-505, 507-508, 510-511, 513-519, 521-524, 527, 533-534, 536-538, 540-542, 544-546, 548-549, 551-553, 558-559, 561-562, 564-567, 570-577, 583-585, 587-591, 593-596, 598-599, 601-602, 604-605, 607-608, 611-614, 617-624, 632-635, 637-641, 644-645, 647-650, 652-653, 655-656, 659-662, 664-671, 678-680, 682-683, 685-686, 688-689, 692-693, 695-696, 698-699, 701-704, 706-707, 709-711, 713-715, 717-723, 725-728, 734-737, 739, 741-742, 744-745, 747-748, 750-751, 753-754, 756-757, 760-763, 766-773, 780, 782-783, 785-789, 791-792, 794-795, 797-798, 800-801, 803-807, 809-810, 813-816, 818-824, 826-827, 829, 831, 837, 839-843, 845-851, 853-856, 859-862, 864-865, 867-868, 870-871, 873-880, 886, 888-892, 895-901, 903-905, 907-908, 910-913, 915-918, 920-923, 926-932, 934	
SNDTABA	0	0	0	0.00	yes		
TEXTTAB	0	0	0	0.00	yes		
